Advertisement[0]	https://firebasestorage.googleapis.com/v0/b/lfyd-android.appspot.com/o/Advertisement%2FWhatsApp%20Image%202020-06-13%20at%202.04.37%20PM.jpeg?alt=media&token=ad2a6a2e-8ccd-46bd-9684-40a734db21ec	E96BD269031BB5FDD2D9E9ED06D4112C12CCC62C.png
Advertisement[2]	https://firebasestorage.googleapis.com/v0/b/lfyd-android.appspot.com/o/Advertisement%2FWhatsApp%20Image%202020-06-15%20at%2012.18.18%20AM.jpeg?alt=media&token=165c9e08-64e0-48be-ba55-208f2acfbb68	8700FDCD04FC42E968797267C7E21F4DB79776C8.png
Customer/0dCk5CrkNKMWObNvEKb95vU9ADD2/basic/image	https://lh5.googleusercontent.com/-vGoez96bo2c/AAAAAAAAAAI/AAAAAAAAAAA/AMZuucmXJXEUWx9qDVnG89jE9zKAtEjg7A/s96-c/photo.jpg	D5F299666600A25E4D38C01C60C6521CEB688D7B.jpg
Customer/1Qi1Q0x5JURV100FJmnfDatVz7e2/basic/image	https://graph.facebook.com/179683370209240/picture	DE18968965B4CA047B55B96221B14E03E6C24699.png
Customer/1Qyb7tajdYXQ3duKHSNuvQ2MhjZ2/basic/image	https://firebasestorage.googleapis.com/v0/b/lfyd-android.appspot.com/o/Customer%2F1Qyb7tajdYXQ3duKHSNuvQ2MhjZ2.png?alt=media&token=c7c0abfa-9d33-40f7-88cd-223580b667da	DF17D9B8A3F539A8C658EDD5323ADF33CE1F75E5.png
Customer/2eUdf0eIEdYkQccZ9THtxdgfy4t1/basic/image	https://firebasestorage.googleapis.com/v0/b/lfyd-android.appspot.com/o/Customer%2F2eUdf0eIEdYkQccZ9THtxdgfy4t1.png?alt=media&token=353b6cef-56bd-496d-9c3d-212cd503eb3d	A14DA73D614EAF255FE4AB33E4A665218E6E5A3F.png
Customer/33S8dd904qcuGkVrXz5ik2NfEJm1/basic/image	https://firebasestorage.googleapis.com/v0/b/lfyd-android.appspot.com/o/Customer%2F33S8dd904qcuGkVrXz5ik2NfEJm1.png?alt=media&token=37b03e5a-efc4-4bff-92a1-ddc05cd405b5	FDD2E03799A672198E0A8BE22111D64A8EF0AF59.png
Customer/3j5fEBMNqrVoJ6hcgftduJC7vgZ2/basic/image	https://lh3.googleusercontent.com/a-/AOh14GizjarDDpNoknFQmYNl58G75_X6yE8re64IVbTWLA=s96-c	E83FAEE623ABD09EF99C67F87D864F1C11DD67DE.png
Customer/3z4qJfVH3AYjW6vP3z3LTnF5e2E2/basic/image	https://firebasestorage.googleapis.com/v0/b/lfyd-android.appspot.com/o/Customer%2F3z4qJfVH3AYjW6vP3z3LTnF5e2E2.png?alt=media&token=3fa6e6f2-c01b-4dc2-b7f0-909f4411452b	821B93422DA590E79D0709885C8955BE1B219FED.png
Customer/4bfYY4ODgtPr0jhQ6T9TQ6MnFF83/basic/image	https://lh3.googleusercontent.com/a-/AOh14GiEGU4PHVZ7-ggFKUQ84393zitdA_7lnsIWyHJp2A=s96-c	01F52FA88A19A4EE7D736C8096BD6CE0339AA622.png
Customer/4mdfdqEdFyXYsZdV5yR6qrD7JXC2/basic/image	https://graph.facebook.com/657675588155681/picture	77CC2609F8FD755960A0253C6EE62BA393D75E8B.png
Customer/52Ak4EPp9CTNhpPXyWDIywGOY2M2/basic/image	https://lh3.googleusercontent.com/a-/AOh14GhAnuRXFLWHYqY2qifmvKbNkTXPpszsyvs-l21m=s96-c	7A2A5EDE04F03F9F56804FB134D8496CE0AB489B.png
Customer/55K1suqQx3hfOJangqFKZ7feHpw2/basic/image	https://lh3.googleusercontent.com/a-/AOh14Gjmbi19xXy_ke2v9md1G09ahxJs6H3WOx2EEE37_A=s96-c	A5F6653B50C80E365ED4699BC2E05423115EFDAB.png
Customer/6CW629xJu9Mpd36RCmBbOD9uYgD3/basic/image	https://graph.facebook.com/3357524127615405/picture	CEAF4E309A9BFCF4A8FFFE3D2C07A12A8991E0DB.png
Customer/7XCU1Jq3TYT9wXLlep6xcPmSO5w2/basic/image	https://graph.facebook.com/1372001616342671/picture	5EC33CF1BAF0921CE8B13D1615A9B3B820816E38.png
Customer/7rv5NFrBxcTvBzeD9uEvSts9qhT2/basic/image	https://lh4.googleusercontent.com/-ny1tQBSOhPs/AAAAAAAAAAI/AAAAAAAAAAA/AMZuuclgOSLf8wEprjl7GVsy_eeNhIFg3w/s96-c/photo.jpg	594FB62FA3CF62CA2457CEDDEAEC3BC056AB1E3A.jpg
Customer/8UyGJ6mdrJcnWeVPoB7p6OgWBSr1/basic/image	https://lh3.googleusercontent.com/a-/AOh14GiG3pSVF7izlmnwNL8jfiOALsI8ycxqsuIvtviR=s96-c	4BD5522FEFFA7BB804E982AF9137BD2F65979F81.png
Customer/8qOiYGslFmUdQz7emyjJRnMjs4M2/basic/image	https://lh4.googleusercontent.com/-TuR2REl-zNM/AAAAAAAAAAI/AAAAAAAAAAA/AMZuucndhFS1lL_aDOumVdVBIaFLSURo8A/s96-c/photo.jpg	688FF7A1E661B729F6DA9C5F78208D6CAD1989AE.jpg
Customer/9DJAoDxnCAPtS61YSvnb3pDODqL2/basic/image	https://firebasestorage.googleapis.com/v0/b/lfyd-android.appspot.com/o/Customer%2F9DJAoDxnCAPtS61YSvnb3pDODqL2.png?alt=media&token=7c7feadb-f512-427f-8dc6-26041a32d862	4855BA3B7FF9051364E7AADF7D7343EBCC527D86.png
Customer/9MT0cOW8Mqa4LSxzHHZzPa4iQXD2/basic/image	https://lh4.googleusercontent.com/-pHks79alF5U/AAAAAAAAAAI/AAAAAAAAAAA/AMZuuckPeIEQBGmLZwmOW6KWYO6E10MvmQ/s96-c/photo.jpg	9D0FD64DFF94E03FA9D4B81ED3FA40093CD6E194.jpg
Customer/9jQ83lcT8RUWs6ZBYWcMv5Uw6ct2/basic/image	https://graph.facebook.com/2670224439916936/picture	9B5F3DF164A88FD283E275122CA3E43618A3930C.png
Customer/AASJk4UGFDfqfSeaZypoKJrH0xw1/basic/image	https://firebasestorage.googleapis.com/v0/b/lfyd-android.appspot.com/o/Customer%2FAASJk4UGFDfqfSeaZypoKJrH0xw1.png?alt=media&token=c1becc0e-dcaa-4bef-8141-af843e2da231	5286D5EC7306F2C17E16908DFAB12B43E10A3951.png
Customer/AiBy0xVN1CYrKcUZhFGGs5oU3ft2/basic/image	https://graph.facebook.com/933793260468921/picture	A21F055B4C9A10BA2EBDAF074042A1C8CBBDA17C.png
Customer/AizCKXCtOSSP90Ut5htsVEeZjqH2/basic/image	https://firebasestorage.googleapis.com/v0/b/lfyd-android.appspot.com/o/Customer%2FAizCKXCtOSSP90Ut5htsVEeZjqH2.png?alt=media&token=a8234c96-d5ba-471e-a0f7-4f437272d396	A2BD39C2232249F00F55DF07E0DE54A07C18FF47.png
Customer/AqL3b82vi5c8fS6ETvtF44g2VjY2/basic/image	https://graph.facebook.com/157173239300796/picture	2604C4E4644F3429D2E487069B7DB471BDE581CB.png
Customer/BOGJn3HTC9UAmZobBIeHlXhaSGv2/basic/image	https://lh3.googleusercontent.com/a-/AOh14GgvH9b2nAH0Roys3JbTNu4wKY7yLDKDa3iXDS42oA=s96-c	FA2CEED4AB3A0C0035068C0FCEE8FB5DE07327FC.png
Customer/BTGD53hS8ShWz7fkzz29oouKiYD2/basic/image	https://firebasestorage.googleapis.com/v0/b/lfyd-android.appspot.com/o/Customer%2FBTGD53hS8ShWz7fkzz29oouKiYD2.png?alt=media&token=afb4376b-9076-4cd6-9660-4acb12864dcb	474C8700D4845AA22FE2AD6D95F471B3EC964DED.png
Customer/BhYVuSiff4cQvTNSIWc7kdivd2x2/basic/image	https://lh3.googleusercontent.com/a-/AOh14GjF58r0swB0-6Ovjez6t1xxSJ7o5PPk_S1X8C9Mog=s96-c	0781CDF794A7DA9DAE5F2B7E6FD9DFC7CE40FB6C.png
Customer/CK15kCv8yEZLkgFFzDzXuJvqq5i1/basic/image	https://firebasestorage.googleapis.com/v0/b/lfyd-android.appspot.com/o/Customer%2FCK15kCv8yEZLkgFFzDzXuJvqq5i1.png?alt=media&token=f7866bd9-ca9f-480c-bfa2-161507b8295b	C6BF2BF8B9769D7D8C011AA017B217B80932FF00.png
Customer/DGqWNGp9KQbwvPU951ZAAhQtAk43/basic/image	https://lh3.googleusercontent.com/-WE70qYrb0q4/AAAAAAAAAAI/AAAAAAAAAAA/AMZuucmO_q_VKinlu2LajNQQpj4QhZ2Whw/s96-c/photo.jpg	3B0749C61F79F409BE7577F908CAF45E7CB13F3B.jpg
Customer/DMYXtNy44yPMyWusLoN1Qlo0dCU2/basic/image	https://graph.facebook.com/1351779511682766/picture	C4E77EF8D27F2C79312B582CBC6A9BB81115724F.png
Customer/Dq7TpvfqGXQDBS8Av4rKj36WZMm2/basic/image	https://lh4.googleusercontent.com/-sciDhuzBkrY/AAAAAAAAAAI/AAAAAAAAAAA/AMZuucmvV3-7pJVnQ2hVagchqO3Er1pGYg/s96-c/photo.jpg	E89A2ACAFBC75AF80E4253A90A0C4024BD59AECC.jpg
Customer/FQbYuZ615ZTUYnt0kI3eVk76Ok62/basic/image	https://graph.facebook.com/187526282797820/picture	6D15227B1D46CA8EA05F234809CD461D2E00078B.png
Customer/G73eXZOC1wWqkhoZpLLapY60EPe2/basic/image	https://graph.facebook.com/339380823741832/picture	94AC100D934875B931E64C3F54F21F2F58ACD556.png
Customer/GCD62ok12CNq5dCGIANMqMv5oHD3/basic/image	https://lh3.googleusercontent.com/a-/AOh14GjBBHePIX0o8iGMSZdH2eIg-rMIN5sb3Sya7BNCOw=s96-c	EEE9A3D69CCDF6DB5C2EF3511A84463D020234E8.png
Customer/GyNUyU8eVjXbql2YYNY0FJT2Dyy1/basic/image	https://lh3.googleusercontent.com/-fb5e-QBSBqg/AAAAAAAAAAI/AAAAAAAAAAA/AMZuuckPiBfheL-ceiUM5VY1vOfDJxoYtg/s96-c/photo.jpg	EEB2C4D56A03BFEB72308D6D54C05778556373EB.jpg
Customer/HGEX8imBPueDle9SnSFnmrJ0uam1/basic/image	https://graph.facebook.com/898645783975559/picture	53B01618FA8DAA8784A5E049B94EF9227FCC9DFB.png
Customer/HI9eAlFWV7UfKEMNztefytvgVxv1/basic/image	https://graph.facebook.com/306165474075045/picture	5E0FB43F4E9EE78E508D641E3D3AC2CC94068D26.png
Customer/HzhjmmSIheMahWtaxgInJHJSqIv2/basic/image	https://graph.facebook.com/1575101595993170/picture	EB090A236895632321B480C5A4302BF2D7E024C5.png
Customer/I91Tsc1jNqPELRJrCEdkg1oMeEv2/basic/image	https://lh3.googleusercontent.com/a-/AOh14Gjljs5g7sPnpbkg8EGuZMHdWRbBrpiFXhDZaIbi=s96-c	D3FACA4D3BC4F21B44A0898D2E31E7D6606031D0.png
Customer/K8UD9zb011hfeSjzTrxjSuCHCKr2/basic/image	https://firebasestorage.googleapis.com/v0/b/lfyd-android.appspot.com/o/Customer%2FK8UD9zb011hfeSjzTrxjSuCHCKr2.png?alt=media&token=d13f8c3f-067e-40d8-8ca2-269913750bdc	2451CB35AC072B3667774EC2D987CEC78384A2B4.png
Customer/KVdWm43AcdeTvDjqSMHzZ7XYrHk2/basic/image	https://firebasestorage.googleapis.com/v0/b/lfyd-android.appspot.com/o/Customer%2FKVdWm43AcdeTvDjqSMHzZ7XYrHk2.png?alt=media&token=7b7d04ed-3a50-4586-9bb2-b60c02c4b545	DA0EF65FA0F0B64E97E0681993C124CDB15591F8.png
Customer/KrCI5rM3p8YZd4Y4KgAVGnFGSQL2/basic/image	https://firebasestorage.googleapis.com/v0/b/lfyd-android.appspot.com/o/Customer%2FKrCI5rM3p8YZd4Y4KgAVGnFGSQL2.png?alt=media&token=86b10cbb-c611-40ba-8d90-8c6a43fdfb63	FCEAE39C5D709F133CAC3DB5FCDA06DD9218BD09.png
Customer/LBsAKSZUhIgF7Igu3DWCmyqSfFL2/basic/image	https://lh3.googleusercontent.com/a-/AOh14GgCi8tboe9hq8xwWUc296nrjpcRLOlCdmmhHWGD2Q=s96-c	D829F2002067061AD6F70E324D73B626864D007B.png
Customer/Lsppmob8I7eBKgAtAlNM9Zxb3292/basic/image	https://lh4.googleusercontent.com/-sP9aaUSSEWg/AAAAAAAAAAI/AAAAAAAAAAA/AMZuucmxd-YY8QUw_14DoasnzhZaVqYLpA/s96-c/photo.jpg	DA94EA04936C702EE8FB5A73AA4A2CE7E8868B43.jpg
Customer/N4L7n0HpRTSVDXZQsGB5vgXuX8P2/basic/image	https://lh6.googleusercontent.com/-8uBlJ5A1hoI/AAAAAAAAAAI/AAAAAAAAAAA/AMZuucn1-XajmOSYgSbpr6QI3TODvl7CCg/s96-c/photo.jpg	D98867A5CE037195B21995E2241076C92BAFD9F4.jpg
Customer/N9InDZ3w2ubRVK6IcKJgrWdIDUD2/basic/image	https://graph.facebook.com/930800370721553/picture	FED38D8EDB134FA2075C76E6984465F2E659FF74.png
Customer/NAReJ1Gmu2bTwHAm4UNsKCn44fH3/basic/image	https://lh3.googleusercontent.com/a-/AOh14GiYBTXhgnNJf9AmfJLNlBFeqI6IGu_Zk6l5xu3ZJw=s96-c	A8729E6BFEDDEAD1A52FCFDBE6B661A805F36A4F.png
Customer/NHM7p4i79fQCCgnGgp39xLyHFvH2/basic/image	https://lh3.googleusercontent.com/a-/AOh14Ghd6Hg_AFkM1LaNYgui_zVo7qDUxwTVVJMI9aKnfg=s96-c	D9FB5E4F2793A891CB16C9BE67EBF94B8B75A462.png
Customer/NozjR9B2H0gCvwIHAWZzspOL8ei2/basic/image	https://lh6.googleusercontent.com/-67cEMPmIwGo/AAAAAAAAAAI/AAAAAAAAAAA/AMZuuckt_g8BEVnIUZLMn9_luv9ERqXhCQ/s96-c/photo.jpg	1E2217CEC889FE37B6A3919DA50F668B17418367.jpg
Customer/OOWYRrjEQdZTENrbMn5oQGvPel33/basic/image	https://lh5.googleusercontent.com/-Vl2Wf-ARwtk/AAAAAAAAAAI/AAAAAAAAAAA/AMZuuclyKM7C49raE9J1YPDgPm3Uauveag/s96-c/photo.jpg	F391E46C85C7C5455AA5D5DDE4B453A637ABED4C.jpg
Customer/P5cWnbxhV5Yw0bFdKoGtABSgtSk1/basic/image	https://lh3.googleusercontent.com/a-/AOh14GgC0fE0jpUI8OAzJHTYw0XEoaUDs-3yiEU0xHPHSw=s96-c	8D56FAF8FB4D3DBDDE2781D22A6E879B6C84DB85.png
Customer/PT7gDiDCvVfvEHXjB39paffmATr1/basic/image	https://graph.facebook.com/312364093506307/picture	9D387197B704C3A14AAC2F8048D44D4771E718AF.png
Customer/Pf921SeXH8WN3YcUVPJbASEKb4w1/basic/image	https://firebasestorage.googleapis.com/v0/b/lfyd-android.appspot.com/o/Customer%2FPf921SeXH8WN3YcUVPJbASEKb4w1.png?alt=media&token=d6f75e19-5740-462a-bb3c-c15f75c48693	4B9929922F8E2D6005162420815FD8E88991068D.png
Customer/QruF6a61bJhCQYLUoYGhQpx51af1/basic/image	https://lh3.googleusercontent.com/a-/AOh14GiI823ivgmkWHUHI6z1LCeB-pPpfzxLsU00twG1Sg=s96-c	4E20E99A6AD74750C28AB2BA6FED105D07F4DCF1.png
Customer/QwILLOnbJmgYG9GJZjIOVf1lDnE3/basic/image	https://lh4.googleusercontent.com/-HbfKPkoLJzU/AAAAAAAAAAI/AAAAAAAAAAA/AMZuuclWD8Vy9Mdi3xaVy17lknEXKjk42Q/s96-c/photo.jpg	073C568E32218C75336F55D1BF3FFDDD57470858.jpg
Customer/RPTAyIH2zAYyPtNuqsoPrVqdP8E3/basic/image	https://lh3.googleusercontent.com/a-/AOh14GhIcLtRuQcwLuHHk1afxHMxXRvN9fjYWtKnfrSlovQ=s96-c	201E5AE0E3A916DE81AC7DA4756750F39FC570F7.png
Customer/ReEyFfBvHBb0j3oTinQReumh7RT2/basic/image	https://firebasestorage.googleapis.com/v0/b/lfyd-android.appspot.com/o/Customer%2FReEyFfBvHBb0j3oTinQReumh7RT2.png?alt=media&token=f5da6f21-a702-4fc3-948c-756e727c1c20	5CBD55EF854E8D5CC58B89CCEFDA9C6EA2D15188.png
Customer/Sz2FFNJH1QPsBbk3WLEuUwAaFP32/basic/image	https://firebasestorage.googleapis.com/v0/b/lfyd-android.appspot.com/o/Customer%2FSz2FFNJH1QPsBbk3WLEuUwAaFP32.png?alt=media&token=e9f90a39-d1d3-4ff5-818d-e475ff1c577a	3034731F4CE5370D4139A98B8B7A92C6D98413CD.png
Customer/Tts1snZkufN9avgwZZfXEWYKXYg1/basic/image	https://lh3.googleusercontent.com/a-/AOh14GimtbFKw9Tiz97mBOiBCWcT-agFoLxEe1CI2rM=s96-c	29CF1DA6AF30BA08E6B74B282D573809562F2637.png
Customer/ULGBWZcFDYSxGjUIYnjdwa4vitJ2/basic/image	https://lh3.googleusercontent.com/-Bgp5Kz-Xk5M/AAAAAAAAAAI/AAAAAAAAAAA/AMZuucnuizs9URh9q6p7Mjy7QUOuBxp8iQ/s96-c/photo.jpg	C9126BCED568DE9ED244BE78D07A6888C54EEAC4.jpg
Customer/V55A6gLRxQfbdkBdw993Hq7QevF3/basic/image	https://lh3.googleusercontent.com/a-/AOh14GiTn4kzBXXKRh-quc6ssMUWgdRBYTkeIOa-7Nrh9w=s96-c	9893F86E6E0831F3CE01AF1DBE089F527D4CDE8B.png
Customer/WFhijyWzYdQaAflKiznSGPfa4di2/basic/image	https://lh3.googleusercontent.com/a-/AOh14GiKn1OxDBQd_avCapLTxKyRmX1pOhWpyRCAV0WF6g=s96-c	1331B5BB2AD852B30AE76CA5B3B1427EE72D15C9.png
Customer/WPQekXijAdWZhefqxhqARM0iJZ02/basic/image	https://graph.facebook.com/1004034806693204/picture	A4D89BB2FAFB532A04A5E126FA29FE51AF68CDFC.png
Customer/WU31deJGsdMGlR7vZaBGEzwPXh33/basic/image	https://graph.facebook.com/735415750623585/picture	33E9635D7E47A081477083EC9A87767DA30854C8.png
Customer/YQIcMGQDesXv5FtL4SZDsi3SZlE2/basic/image	https://firebasestorage.googleapis.com/v0/b/lfyd-android.appspot.com/o/Customer%2FYQIcMGQDesXv5FtL4SZDsi3SZlE2.png?alt=media&token=2c2b76dd-5186-4fac-9eb8-74335b0b8dfd	6BF96C89D742B2A0B4254E85ABA451C43D4DCCBB.png
Customer/YcTyIJnry5dunwVNKmnAaMcMt0P2/basic/image	https://firebasestorage.googleapis.com/v0/b/lfyd-android.appspot.com/o/Customer%2FYcTyIJnry5dunwVNKmnAaMcMt0P2.png?alt=media&token=e6fa3663-123d-4a02-af4b-56402cceaa6b	AF133BB7CC7071C9C8407BC59557335B52905775.png
Customer/YnRpkNzCg3VDRTKxe6wCK3pyV592/basic/image	https://graph.facebook.com/2910607579244357/picture	C1152EC0D3738DDAB5CA5574C5E61065D491E36A.png
Customer/Z7LudcTUZhMSHnb59xBKDHut7fK2/basic/image	https://lh3.googleusercontent.com/a-/AOh14GiRDX0RXLK9kZzxsiU6j8NBoB-YaK1ErTTE5BCwNg=s96-c	313426BB5903F8604F5AAA65ECCDA06A1338CB6C.png
Customer/ZRq4c6K1J5Yap5OQmvCuLFops363/basic/image	https://graph.facebook.com/1404597499739511/picture	42C8B0F69F8C8AAF81FEC0EADD9A660268D103A4.png
Customer/b1PYK5elMuVX6gjwhT8lHRoU1Im1/basic/image	https://lh3.googleusercontent.com/a-/AOh14Gj9KfgS3ExWvrzmyPF8bIrDRBQbYomc1RpAWL6r=s96-c	565377F42C8A896E5BF730A3DB07AFAD110B4997.png
Customer/bUnCymlRcQYPo7f6T2tysIGO4TJ2/basic/image	https://lh5.googleusercontent.com/-2DvRW9Da1f8/AAAAAAAAAAI/AAAAAAAAAAA/AMZuucnctz4vGpWoy1Ad7-kKxhFUbAQ0iQ/s96-c/photo.jpg	0273E048A2C2E072FC8496784BE589692D6E6137.jpg
Customer/cEVdl2b56QhyFHO1TYZMgd8RZbB3/basic/image	https://lh3.googleusercontent.com/a-/AOh14Gh4Q9moNbl5qoO24rxaSoakCrKHepwlcZCeRcz_Lg=s96-c	1AE7177622E87BDBC03CDCAA2414DF743AF04DE9.png
Customer/ciUHDwFU9teoOpTdtP2Vd5agrCJ3/basic/image	https://lh3.googleusercontent.com/a-/AOh14GgTUuVO-SfGv0xqkKLbypnlx7w8c_r-DQjlm1Vt=s96-c	28CF2D01AA83A89D57142487FA9F8298CE46E00D.png
Customer/culsPwCsSSMgcZcbAFjuvHilkK73/basic/image	https://firebasestorage.googleapis.com/v0/b/lfyd-android.appspot.com/o/Customer%2FculsPwCsSSMgcZcbAFjuvHilkK73.png?alt=media&token=2c1dbbe9-c28e-4d42-b3bd-d1ade806ccc7	C947AA6DC69F49458098DE28EAF6FCA9D8DCF0D0.png
Customer/e6d2VtwnwdgPF9Pjd5ecJm40jBa2/basic/image	https://firebasestorage.googleapis.com/v0/b/lfyd-android.appspot.com/o/Customer%2Fe6d2VtwnwdgPF9Pjd5ecJm40jBa2.png?alt=media&token=48dab846-5bf4-49d5-a89d-df508f24b2f6	27E5A5068097680A05A30251C8184CF34604CA0E.png
Customer/esUKxp7AIlerm3qMrsqpfCdtqLG2/basic/image	https://lh3.googleusercontent.com/-dXLtjosT-pM/AAAAAAAAAAI/AAAAAAAAAAA/AMZuuckGrz8TQsqksJ4FQVvnK8b_5yOPqg/s96-c/photo.jpg	4A651E780C4B31DB848334E06AC582E9A4B92009.jpg
Customer/fDb1jP1yWlbaXFSjthBUXuaHTwt2/basic/image	https://firebasestorage.googleapis.com/v0/b/lfyd-android.appspot.com/o/Customer%2FfDb1jP1yWlbaXFSjthBUXuaHTwt2.png?alt=media&token=ab118e26-51d0-49f7-9ec7-a269ae4ae93e	9D8F92C08397726C68DDD8D340F5832C824B1B23.png
Customer/fOuqaIvRrqMZkmOjlq3yQaxet6E3/basic/image	https://lh5.googleusercontent.com/-hqz1L10XkZo/AAAAAAAAAAI/AAAAAAAAAAA/AMZuucnGYg6ameL_kOcH1je8syDW__R9xw/s96-c/photo.jpg	6B0E5FA970322B318572DE955E2C18AA333F8D76.jpg
Customer/fPaHL6YElqfEFblYbmvjosb0zo72/basic/image	https://lh3.googleusercontent.com/a-/AOh14Ghyjd4wW4cL9ilC323fN3Y-mIaEyaVpf_rUOC-b=s96-c	0D347CF7C8F12C0EFE7AD8AC26737E1666554F32.png
Customer/fiXEddCUgNZBxauS2RLQgXNJSel1/basic/image	https://lh6.googleusercontent.com/-1-vaT7WJKEM/AAAAAAAAAAI/AAAAAAAAAAA/AMZuucmuL2wSOH5bdFEgh9ye8qVsk5mV6A/s96-c/photo.jpg	4DD3A8AC9CC9F9AF5C0143C73AA66EF668269670.jpg
Customer/fovVtLs2ITPfLaKJtTs3bgt5Bxx2/basic/image	https://lh3.googleusercontent.com/a-/AOh14Gh_1UQf5LzsM5fpyVTaKCnPd7q7bIVt5T10hFBW=s96-c	89FA9A1E97F2D4E048511E70D6DEFB4C73CB6F11.png
Customer/gYM1w8l6XCboWimJX8PMjoEqWzS2/basic/image	https://graph.facebook.com/645485512733632/picture	623C5BFE3CD0807076E90AF943229A7DDCDC9B3E.png
Customer/gmHv3tWBsuZikAWgJMGlDPVZELT2/basic/image	https://graph.facebook.com/10216968260308778/picture	7E92C15DEC544692D6BE9065902220B880A85BAC.png
Customer/hbhGbqtztePsTjTsVTZNNJ2QHe83/basic/image	https://firebasestorage.googleapis.com/v0/b/lfyd-android.appspot.com/o/Customer%2FhbhGbqtztePsTjTsVTZNNJ2QHe83.png?alt=media&token=e07b8c36-64d4-4839-9d01-39a783ceea9d	704CCD591DE409DDB925EA127B2615B5CECE2982.png
Customer/ifbv2IKZpXZhtJPfN9wMWqjWg8l2/basic/image	https://lh3.googleusercontent.com/a-/AOh14Gj2fNg1o8RahOy9lhCuBLM3K4Zy5JWhnM5WFcHO=s96-c	04D797F735E6236C78AFD7F3C8AB1A6CEB716AAE.png
Customer/jkaQRLZD2UhAhXkiKYEPNmgZyff2/basic/image	https://lh3.googleusercontent.com/a-/AOh14Ggro_b-A9tl6vlLu6dWyHNuqbqDaJVSsxwQ3GzuvA=s96-c	870FFD445884A77DF695606C6C3DECB228692903.png
Customer/k7sVrYY18ROrSzr3VT2jmPwSM7z1/basic/image	https://lh3.googleusercontent.com/a-/AOh14GiMyBImE9eQc1AaeAWVVwsmUEyP1-_4x9q0rKvklw=s96-c	51D32AACABA7C92D03FA8844648BC72A69CE1402.png
Customer/lROlbkGzYzfSbHTQcvy95BgHBMD3/basic/image	https://firebasestorage.googleapis.com/v0/b/lfyd-android.appspot.com/o/Customer%2FlROlbkGzYzfSbHTQcvy95BgHBMD3.png?alt=media&token=5a800eee-b96b-4d2d-a9f4-9b49be30c33e	784632165B8C8E11E61D52F8C9769BE992C13AD7.png
Customer/lcZTSSDlrUaTU0Lfa89PJzclCMh1/basic/image	https://firebasestorage.googleapis.com/v0/b/lfyd-android.appspot.com/o/Customer%2FlcZTSSDlrUaTU0Lfa89PJzclCMh1.png?alt=media&token=3673db0c-40b7-499c-a283-17e07ceb8f5c	6C53BCBCCF6210A6F6DACB49A13FE60FAF7CDAF8.png
Customer/m0TCk9uzzPdtQkSYXuJICt3zqUm1/basic/image	https://lh3.googleusercontent.com/a-/AOh14GhigpmEVSzqe_SLe3iXf8ksbhF-PXKs81VYO7OKuA=s96-c	C80B5ED91FE5F7162CB9BE77A325F6CA43233D39.png
Customer/m4g2XmsM47W91MSQyaFnF9Zvv0y1/basic/image	https://firebasestorage.googleapis.com/v0/b/lfyd-android.appspot.com/o/Customer%2Fm4g2XmsM47W91MSQyaFnF9Zvv0y1.png?alt=media&token=ca55d85d-74be-445f-ad50-e43fd2e622c9	1F8DC120733E8B80F76EE62396EA2AA05B2DD096.png
Customer/muDv6IrysIfhGtX2skuUaZkR5n63/basic/image	https://lh3.googleusercontent.com/a-/AOh14Gg27jScD9BUNAIrFamzQGZ_08zQb-wcuSqydeHB=s96-c	CDE66D9B287C322F9C8316AECC00248C9FC35535.png
Customer/mxWEowrfsHPuOaUFxyBEhBsJyaA3/basic/image	https://lh4.googleusercontent.com/-P6ZYuWetAzQ/AAAAAAAAAAI/AAAAAAAAAAA/AMZuuckeku22LIjZb0iNcudqareWufY8Hg/s96-c/photo.jpg	C7FA66E8812C35EA68E377176A85C8B1C7DC4A1A.jpg
Customer/n00nIoLnlOfSs3OV7SZXfLnPEvQ2/basic/image	https://lh3.googleusercontent.com/a-/AOh14Gg-iwigDa-5si5qSynRa6_vuippz2oL2E_9w-J6ZA=s96-c	8AC8886B9C779ADAF64138631AFE9977518EE5F1.png
Customer/nWlt5wdzcKWrOvqAgTfmN3NQWsK2/basic/image	https://firebasestorage.googleapis.com/v0/b/lfyd-android.appspot.com/o/Customer%2FnWlt5wdzcKWrOvqAgTfmN3NQWsK2.png?alt=media&token=db7ab962-4572-43cc-92a1-ff7619e1806a	EDFC15F302D0A111F918F67B627E4C70BEE34DBB.png
Customer/nvmLoKGGEJUoe8lEVfDJhjdHVxS2/basic/image	https://graph.facebook.com/911728222669334/picture	6EFABDE4C8A72E2FECF2ED2D127060F47D6FD6E3.png
Customer/oM91J5YHymZzHmAK5ujBm9NU2Wu2/basic/image	https://graph.facebook.com/132927981793636/picture	EDD3D26C94B5117C0E9B84EB1100B95D4C910520.png
Customer/oOgxyIe9YkZOCHYUnPvXKChqLtE2/basic/image	https://graph.facebook.com/2013769948753539/picture	F5548CB5D1844A1B0CA1BD75C44CC98DDAC97613.png
Customer/pCWPMlfCQiYjIDXVi0guj33FIhc2/basic/image	https://lh4.googleusercontent.com/-D0Dod8jLLu4/AAAAAAAAAAI/AAAAAAAAAAA/AMZuucl3gi47zF66M-9C8yKad0Hgm53sMg/s96-c/photo.jpg	5D129590B385104E37FDD1D84AE12E2AA07EB729.jpg
Customer/pYhceKovW3VwkJPZZJ2lwWy93mG2/basic/image	https://lh5.googleusercontent.com/-lUuL0txd20c/AAAAAAAAAAI/AAAAAAAAAAA/AMZuuck2A2RLI5QQcZuNpAGbLLg38kBxuw/s96-c/photo.jpg	6A622BB3C63579623EB1D1BD7C867E3510DFC02C.jpg
Customer/pnw1tLkq1pMTr75NhzPElSkGVBt1/basic/image	https://lh3.googleusercontent.com/a-/AOh14Ghk6tWMppFmEhnh2qJIEvzCCrU6QzXiuLfw-71JiBc=s96-c	252A6821A27A7F976A840DA5CAD4E9ABA8238FBF.png
Customer/q7u5wNgkxTR6DaEInp48SP5fXZl2/basic/image	https://firebasestorage.googleapis.com/v0/b/lfyd-android.appspot.com/o/Customer%2Fq7u5wNgkxTR6DaEInp48SP5fXZl2.png?alt=media&token=e646656e-67c6-4fb1-b038-13dd4844ffec	BEEBE6840BF1AA8D6FD377F01A4F519D25130BE5.png
Customer/rutNWPktU6WB0rXN4El0JTt5MS92/basic/image	https://lh3.googleusercontent.com/a-/AOh14Gi6qzs-WUaUQCTWrrHnuhrarNBXKEpoTpsTJfiJ0Io=s96-c	E7F3C91DB0A91D56D660833860ED9EB0F13E6750.png
Customer/s1aRYGBBGeOYIeJPnxKjeNKrtun1/basic/image	https://lh3.googleusercontent.com/-PL3hUNmKfAU/AAAAAAAAAAI/AAAAAAAAAAA/AMZuucnHVjYb3gsVt1jkqI2WuhHZ6cTD7g/s96-c/photo.jpg	749B6BDE4659602C54ECB235A1C3A4975FEEFD69.jpg
Customer/s9YTMTrMaLa9K8AzW1PL3i74QKJ3/basic/image	https://firebasestorage.googleapis.com/v0/b/lfyd-android.appspot.com/o/Customer%2Fs9YTMTrMaLa9K8AzW1PL3i74QKJ3.png?alt=media&token=ff06ef8b-d5b3-480d-8c8d-b1230a969934	6C595687207197132F0EA76706AAC15DF95A2D1D.png
Customer/s9iQDs9MuvVQpX8XtRZQJkSI5K72/basic/image	https://firebasestorage.googleapis.com/v0/b/lfyd-android.appspot.com/o/Customer%2Fs9iQDs9MuvVQpX8XtRZQJkSI5K72.png?alt=media&token=8af88ab5-5160-4599-bef7-c43c229091c9	A6223B4BC4F75FF34D94C631B5E774F26BBA6B65.png
Customer/sH0YV60upfYamWVdz61LQKLQZat1/basic/image	https://lh3.googleusercontent.com/a-/AOh14GhYscB_EvPLXEEqIMJ0sY_mrOEXrby0ENuxMFuO=s96-c	DC6EED71D3D17C20776519532371D968323316BA.png
Customer/tNej25YsFMh2sBuc2pUMebsEaf83/basic/image	https://graph.facebook.com/183797956513525/picture	34EEDD4A1B1FAB23748E838028A30B84347F9D4B.png
Customer/uDa7MHMwV2QpTA6VLadayXlbH883/basic/image	https://lh6.googleusercontent.com/-HTf5Jj8iA90/AAAAAAAAAAI/AAAAAAAAAAA/AMZuucmzkro94T6fgRrydKEeHBlYzsufaQ/s96-c/photo.jpg	3949DA8C1FE926AFF938E4471AA0E1BA664B781F.jpg
Customer/ueFhKpJV91cMKUecnkoiiYe24yE2/basic/image	https://firebasestorage.googleapis.com/v0/b/lfyd-android.appspot.com/o/Customer%2FueFhKpJV91cMKUecnkoiiYe24yE2.png?alt=media&token=fba09e0f-0817-499d-b38a-13619f4a943b	EFC084C9F18F1B3FEB5C0DA9FBDC2F0C08C5409F.png
Customer/usWnF2NdKCU2FPK3RFhwkOVX87P2/basic/image	https://graph.facebook.com/709638476522778/picture	DD37A2341989210D4F0FE79DE410AEB1BCCB5D2E.png
Customer/v0rjZQmcsUdoFflhtkwBQGodanz1/basic/image	https://firebasestorage.googleapis.com/v0/b/lfyd-android.appspot.com/o/Customer%2Fv0rjZQmcsUdoFflhtkwBQGodanz1.png?alt=media&token=78b96c63-5c67-4fe5-9f87-d9c49ffe0877	A586EBF6D594E92A506B9EC4BF09BC02E0DF2C03.png
Customer/w6GzJ1GojQbF6V9jj24tyL1PcmS2/basic/image	https://firebasestorage.googleapis.com/v0/b/lfyd-android.appspot.com/o/Customer%2Fw6GzJ1GojQbF6V9jj24tyL1PcmS2.png?alt=media&token=02ca3aec-5c8e-4226-bc1d-6139f42494e1	DF94193F40565C893DBF7B2A7FBC938713722FB1.png
Customer/w6yZ2npudfabvDdmeHwzbLYSkX23/basic/image	https://lh3.googleusercontent.com/a-/AOh14Gi517K9L0EsL-9BtxjwJdLTUj6wQqhqvfa5sI9K=s96-c	9EE7FFF55D67DF920A501AF4AC763F296F947BF7.png
Customer/wA4ZMtChtZcF1sqeVEBYFw9R84T2/basic/image	https://lh3.googleusercontent.com/a-/AOh14Gj3XdzXBIqebYdLNv5YDw4HEBHOyko5GmE75canPw=s96-c	8045B396B4795B05339929D4BD4B0B18FBCBCCFB.png
Customer/wRU3mmscmJOAtbG5gjLra0sSQCs1/basic/image	https://lh3.googleusercontent.com/a-/AOh14Gh3gJBUqXQGqNGpVe6jCe59djFOohEuttSRJNp0XW4=s96-c	01C336D6D7E5A795C3FF1AEE787274ADD8157AFF.png
Customer/wtcnVDBWE1aHO8jobuBgWQyKenE3/basic/image	https://lh3.googleusercontent.com/a-/AOh14GjadiaA_FwEvSwTccDWK2JJgcj6TO0ubEsVgWRc=s96-c	26631DFEFAC4D9C989734B706D8DF12AC89CED78.png
Customer/xWpDPQnnNnTmwV2WDi0AMdwvOQK2/basic/image	https://lh5.googleusercontent.com/-4M6GUb2JtOg/AAAAAAAAAAI/AAAAAAAAAAA/AMZuuck13PsPQjJ_057kcnLa1kg4DMzb-A/s96-c/photo.jpg	3305C834E156A0FF3D3BBE6734A3C25BE4F0EB25.jpg
Customer/xtLIy3bGtxZWBX2pNSPbiJQ8MyY2/basic/image	https://lh4.googleusercontent.com/-9EdwjA9SUp8/AAAAAAAAAAI/AAAAAAAAAAA/AMZuucmZgL-F_1Tn3kleJp48zwNWAF_GUQ/s96-c/photo.jpg	CFAA3668E86A8F4E0F73B2E1D73F9252235DF67F.jpg
Customer/ySMLdSciuof5ZK5OfvPZM2DsTmX2/basic/image	https://graph.facebook.com/2943455249110445/picture	BE73C78693EDB54BF7325377462FFE7ADC8A5BD8.png
Customer/yTxjgl8cSDZ694Jd3RoZwchAc913/basic/image	https://firebasestorage.googleapis.com/v0/b/lfyd-android.appspot.com/o/Customer%2FyTxjgl8cSDZ694Jd3RoZwchAc913.png?alt=media&token=635e3dee-e10d-4d00-8634-b1c0899540f8	A651C62F49F30A0AF027267CAF6B11F769CA1A50.png
Customer/ywoEyinJc9cdsEg2t26sMiZHMPf2/basic/image	https://firebasestorage.googleapis.com/v0/b/lfyd-android.appspot.com/o/Customer%2FywoEyinJc9cdsEg2t26sMiZHMPf2.png?alt=media&token=ad4dae46-c054-4639-afc5-53b6f2a0942a	90461D09C9543A0BDDE44F3DA41DDA0739507777.png
Customer/zsEm8hawnNeZse5c4UMsJnEcGyx2/basic/image	https://graph.facebook.com/1204641736566288/picture	0B187AFAA9FF9CFA1A1A7FED950D4D8090008276.png
Customer/zshMxxWG9xWJyt6GDZO6kELNTKv2/basic/image	https://firebasestorage.googleapis.com/v0/b/lfyd-android.appspot.com/o/Customer%2FzshMxxWG9xWJyt6GDZO6kELNTKv2.png?alt=media&token=2faf66c3-97dc-4d76-ad98-3f4407d3563f	0FFE2E5B00780ADC638CC0AB72F280E7E1865E42.png
CustomerDashboardSlide/english[0]	https://firebasestorage.googleapis.com/v0/b/lfyd-android.appspot.com/o/CustomerDashboardSlides%2F1.jfif?alt=media&token=ea8200cb-cad0-4294-a76b-a319651f3d67	189E69D91C58EABBD8F2FC2B48961B7FF55D24E6.png
CustomerDashboardSlide/english[2]	https://firebasestorage.googleapis.com/v0/b/lfyd-android.appspot.com/o/CustomerDashboardSlides%2F2.jfif?alt=media&token=4df7475b-eb01-47f3-b236-d6683d284125	30F46369B160F3E4F93F18AFD7F2A7BC8DED8721.png
CustomerDashboardSlide/english[3]	https://firebasestorage.googleapis.com/v0/b/lfyd-android.appspot.com/o/CustomerDashboardSlides%2F3.jfif?alt=media&token=94573d80-2d56-4836-b035-5707af47f185	DABE73025D38991446A40998548EE6A34BED3AD7.png
CustomerDashboardSlide/english[4]	https://firebasestorage.googleapis.com/v0/b/lfyd-android.appspot.com/o/CustomerDashboardSlides%2F4.jfif?alt=media&token=6613540a-d011-4a3f-927f-1b64424eabf9	A22860E6884ED1A74B316E4D43EDB0BD42F7EF50.png
CustomerDashboardSlide/english[5]	https://firebasestorage.googleapis.com/v0/b/lfyd-android.appspot.com/o/CustomerDashboardSlides%2F5.jfif?alt=media&token=dcc5e061-33e5-44f1-b963-8dfa2212e96b	3B82D2C752ABC5D0CA8A4F3E76AD45DE19548DFF.png
CustomerDashboardSlide/english[6]	https://firebasestorage.googleapis.com/v0/b/lfyd-android.appspot.com/o/CustomerDashboardSlides%2F6.jfif?alt=media&token=e48f8d1f-b8c2-425c-be09-f0dda87bde61	974D285E7CCFB4F8447A4A9F8AFF2A4D6ED4CD1A.png
CustomerDashboardSlide/english[7]	https://firebasestorage.googleapis.com/v0/b/lfyd-android.appspot.com/o/DashBoardSlide%2Fdashboard1Artboard%201.jpg?alt=media&token=af380298-f265-40d5-baf4-03a51dc3698d	D342C93CC1AF4C8F9351ECFFFAF84A0B6614270B.png
CustomerDashboardSlide/hindi[0]	https://firebasestorage.googleapis.com/v0/b/lfyd-android.appspot.com/o/CustomerDashboardSlides%2F1.jfif?alt=media&token=ea8200cb-cad0-4294-a76b-a319651f3d67	189E69D91C58EABBD8F2FC2B48961B7FF55D24E6.png
CustomerDashboardSlide/hindi[2]	https://firebasestorage.googleapis.com/v0/b/lfyd-android.appspot.com/o/CustomerDashboardSlides%2F2.jfif?alt=media&token=4df7475b-eb01-47f3-b236-d6683d284125	30F46369B160F3E4F93F18AFD7F2A7BC8DED8721.png
CustomerDashboardSlide/hindi[3]	https://firebasestorage.googleapis.com/v0/b/lfyd-android.appspot.com/o/CustomerDashboardSlides%2F3.jfif?alt=media&token=94573d80-2d56-4836-b035-5707af47f185	DABE73025D38991446A40998548EE6A34BED3AD7.png
CustomerDashboardSlide/hindi[4]	https://firebasestorage.googleapis.com/v0/b/lfyd-android.appspot.com/o/CustomerDashboardSlides%2F4.jfif?alt=media&token=6613540a-d011-4a3f-927f-1b64424eabf9	A22860E6884ED1A74B316E4D43EDB0BD42F7EF50.png
CustomerDashboardSlide/hindi[5]	https://firebasestorage.googleapis.com/v0/b/lfyd-android.appspot.com/o/CustomerDashboardSlides%2F5.jfif?alt=media&token=dcc5e061-33e5-44f1-b963-8dfa2212e96b	3B82D2C752ABC5D0CA8A4F3E76AD45DE19548DFF.png
CustomerDashboardSlide/hindi[6]	https://firebasestorage.googleapis.com/v0/b/lfyd-android.appspot.com/o/CustomerDashboardSlides%2F6.jfif?alt=media&token=e48f8d1f-b8c2-425c-be09-f0dda87bde61	974D285E7CCFB4F8447A4A9F8AFF2A4D6ED4CD1A.png
CustomerDashboardSlide/hindi[7]	https://firebasestorage.googleapis.com/v0/b/lfyd-android.appspot.com/o/DashBoardSlide%2Fdashboard1Artboard%201.jpg?alt=media&token=af380298-f265-40d5-baf4-03a51dc3698d	D342C93CC1AF4C8F9351ECFFFAF84A0B6614270B.png
DashBoardSlide[0]	https://firebasestorage.googleapis.com/v0/b/lfyd-android.appspot.com/o/DashBoardSlide%2Fdashboard1.jpeg?alt=media&token=3d64d29c-0e1b-4499-b192-0fc96fc4be54	5A1A885EEFDDF590949C9A03B992E82CA537F32E.png
DashBoardSlide[1]	https://firebasestorage.googleapis.com/v0/b/lfyd-android.appspot.com/o/DashBoardSlide%2Fdashboard2.jpeg?alt=media&token=6ed5b860-9b85-4e59-abe5-a84db3631433	42B6A2C48D457AD0BA018C8FF1567743E20825B5.png
DashBoardSlide[2]	https://firebasestorage.googleapis.com/v0/b/lfyd-android.appspot.com/o/DashBoardSlide%2Fdashboard3.jpeg?alt=media&token=dffb226a-3f3a-4367-a49f-05eac746a093	C2579D85B56C1F93FDC91E31D02BFC92B06B6855.png
DashBoardSlide[3]	https://firebasestorage.googleapis.com/v0/b/lfyd-android.appspot.com/o/DashBoardSlide%2Fdashboard4.jpeg?alt=media&token=83cb0c30-20b7-457e-acb0-48f2daa89cdc	9825EB6C99B1B6B9611CFED80E844006609F8540.png
LFYD/BusinessOfferSlider/English[0]	https://firebasestorage.googleapis.com/v0/b/lfyd-android.appspot.com/o/OfferSilder%2FOfferSlider1.jpg?alt=media&token=39554d01-63c1-420f-8d7a-439cd9c11232	FC906DD5ABF0F8D197643D84977E15C45A35AEBD.png
LFYD/BusinessOfferSlider/English[1]	https://firebasestorage.googleapis.com/v0/b/lfyd-android.appspot.com/o/OfferSilder%2FOfferSlider2.jpg?alt=media&token=2b6ea9f6-0bd1-4c4c-8df4-fa6052748219	3CEBFCB2E0936B98CCA8BA06B58C422C27C87DF4.png
LFYD/BusinessOfferSlider/English[2]	https://firebasestorage.googleapis.com/v0/b/lfyd-android.appspot.com/o/OfferSilder%2FOfferSlider3.jpg?alt=media&token=f275e149-e547-4278-a361-0f576bbe55cc	9A7A2B9381F06D0B05DF7DFD595D2AFA06A4E253.png
LFYD/BusinessOfferSlider/Hindi[0]	https://firebasestorage.googleapis.com/v0/b/lfyd-android.appspot.com/o/OfferSilder%2FOfferSlider1.jpg?alt=media&token=39554d01-63c1-420f-8d7a-439cd9c11232	FC906DD5ABF0F8D197643D84977E15C45A35AEBD.png
LFYD/BusinessOfferSlider/Hindi[1]	https://firebasestorage.googleapis.com/v0/b/lfyd-android.appspot.com/o/OfferSilder%2FOfferSlider2.jpg?alt=media&token=2b6ea9f6-0bd1-4c4c-8df4-fa6052748219	3CEBFCB2E0936B98CCA8BA06B58C422C27C87DF4.png
LFYD/BusinessOfferSlider/Hindi[2]	https://firebasestorage.googleapis.com/v0/b/lfyd-android.appspot.com/o/OfferSilder%2FOfferSlider3.jpg?alt=media&token=f275e149-e547-4278-a361-0f576bbe55cc	9A7A2B9381F06D0B05DF7DFD595D2AFA06A4E253.png
LFYD/CustomerAddMoneyOffers[0]/image	https://firebasestorage.googleapis.com/v0/b/lfyd-android.appspot.com/o/CustomerDashboardSlides%2F1.jfif?alt=media&token=ea8200cb-cad0-4294-a76b-a319651f3d67	189E69D91C58EABBD8F2FC2B48961B7FF55D24E6.png
LFYD/CustomerAddMoneyOffers[1]/image	https://firebasestorage.googleapis.com/v0/b/lfyd-android.appspot.com/o/CustomerDashboardSlides%2F5.jfif?alt=media&token=dcc5e061-33e5-44f1-b963-8dfa2212e96b	3B82D2C752ABC5D0CA8A4F3E76AD45DE19548DFF.png
Merchant/6jrqOHtPAdfdT5WHXZrMSvZdIEk1/shop/simagemain	https://firebasestorage.googleapis.com/v0/b/lfyd-android.appspot.com/o/shopimages%2F6jrqOHtPAdfdT5WHXZrMSvZdIEk1%2Fimg4.jpg?alt=media&token=1f16531c-6468-4f56-bb85-5c9d12494a9b	849A49A7AAC6A52AEF7C9278EF60A2CAE05B136C.png
Merchant/BQyDAo3ySUX66wVt2NiQTxBaq5u1/shop/simage1	https://firebasestorage.googleapis.com/v0/b/lfyd-android.appspot.com/o/shopimages%2FBQyDAo3ySUX66wVt2NiQTxBaq5u1%2Fimg1.jpg?alt=media&token=640b650d-7f76-4ac1-9203-8aece149e363	E8E76FD5DB068596FA0C7C809A6B6E06DEFE29D1.png
Merchant/BQyDAo3ySUX66wVt2NiQTxBaq5u1/shop/simage2	https://firebasestorage.googleapis.com/v0/b/lfyd-android.appspot.com/o/shopimages%2FBQyDAo3ySUX66wVt2NiQTxBaq5u1%2Fimg2.jpg?alt=media&token=2bd24441-16e9-4e7a-8bb1-7a48d111dd4b	886E1F4BFB0DAB52F52C6B24F150DE0BB8E3D549.png
Merchant/BQyDAo3ySUX66wVt2NiQTxBaq5u1/shop/simagemain	https://firebasestorage.googleapis.com/v0/b/lfyd-android.appspot.com/o/shopimages%2FBQyDAo3ySUX66wVt2NiQTxBaq5u1%2Fimg4.jpg?alt=media&token=0224f7fb-2ef1-47a8-a02e-efb3dd9f720a	07EDA67B47EFB62BA6D4426C7F2AB2CB265B222D.png
Merchant/IoAZ67qDglYSAgaGQV5fmAtLd6E3/shop/simage1	https://firebasestorage.googleapis.com/v0/b/lfyd-android.appspot.com/o/shopimages%2FIoAZ67qDglYSAgaGQV5fmAtLd6E3%2Fimg1.jpg?alt=media&token=3e27acf8-b3dc-4d04-9d43-18462ee5681c	88E8FEEA2E97989868445ADAA6AEE10C04946B3C.png
Merchant/IoAZ67qDglYSAgaGQV5fmAtLd6E3/shop/simage2	https://firebasestorage.googleapis.com/v0/b/lfyd-android.appspot.com/o/shopimages%2FIoAZ67qDglYSAgaGQV5fmAtLd6E3%2Fimg2.jpg?alt=media&token=1488c215-9cda-4da9-be7f-4a2fdcf2944c	3130DD5A14BEA86D4C8A902A9CC714D7E5B59CAB.png
Merchant/IoAZ67qDglYSAgaGQV5fmAtLd6E3/shop/simagemain	https://firebasestorage.googleapis.com/v0/b/lfyd-android.appspot.com/o/shopimages%2FIoAZ67qDglYSAgaGQV5fmAtLd6E3%2Fimg4.jpg?alt=media&token=0d6cd2f5-3069-4c55-9c40-4ccf96edc906	B740D010028169B6191EA61D7D527A4917B66FFB.png
Merchant/JxtAM5dyb6SXCwpuzeB7PPa1OF63/shop/simage1	https://firebasestorage.googleapis.com/v0/b/lfyd-android.appspot.com/o/shopimages%2FJxtAM5dyb6SXCwpuzeB7PPa1OF63%2Fimg1.jpg?alt=media&token=ada20562-6131-4842-b070-b747ac7a0bc0	F48D59714536F2D4E03DC6D106E5EBA4E8DA175C.png
Merchant/JxtAM5dyb6SXCwpuzeB7PPa1OF63/shop/simage2	https://firebasestorage.googleapis.com/v0/b/lfyd-android.appspot.com/o/shopimages%2FJxtAM5dyb6SXCwpuzeB7PPa1OF63%2Fimg2.jpg?alt=media&token=8a25a2aa-f4b2-4101-b1f5-e635ad483bcf	1CA1D79C131F5998D2E35004296C8DF7C958E882.png
Merchant/JxtAM5dyb6SXCwpuzeB7PPa1OF63/shop/simage3	https://firebasestorage.googleapis.com/v0/b/lfyd-android.appspot.com/o/shopimages%2FJxtAM5dyb6SXCwpuzeB7PPa1OF63%2Fimg3.jpg?alt=media&token=bd1432c0-a6ae-4fae-bf33-609ed0ce0038	384AFB273E75872F34681EEC53C99860400F407A.png
Merchant/JxtAM5dyb6SXCwpuzeB7PPa1OF63/shop/simagemain	https://firebasestorage.googleapis.com/v0/b/lfyd-android.appspot.com/o/shopimages%2FJxtAM5dyb6SXCwpuzeB7PPa1OF63%2Fimg4.jpg?alt=media&token=0e526507-4c23-4b37-8fab-477d234db563	98D67FEE6681B7902CFA904D493FB3696A33D25B.png
Merchant/K8UD9zb011hfeSjzTrxjSuCHCKr2/personal/image	https://firebasestorage.googleapis.com/v0/b/lfyd-android.appspot.com/o/images%2FK8UD9zb011hfeSjzTrxjSuCHCKr2.jpg?alt=media&token=d221a3d4-e32c-4d50-a547-f3991345b63c	4C6E5BB275CADD03D2CFA15A949D0D3F940CBC8A.png
Merchant/K8UD9zb011hfeSjzTrxjSuCHCKr2/shop/simage1	https://firebasestorage.googleapis.com/v0/b/lfyd-android.appspot.com/o/shopimages%2FK8UD9zb011hfeSjzTrxjSuCHCKr2%2Fimg1.jpg?alt=media&token=46022f0f-2368-4fc4-93d4-e887a1522b66	F4D742D63362C6FF0314811ED92E86425E5737D8.png
Merchant/K8UD9zb011hfeSjzTrxjSuCHCKr2/shop/simage2	https://firebasestorage.googleapis.com/v0/b/lfyd-android.appspot.com/o/shopimages%2FK8UD9zb011hfeSjzTrxjSuCHCKr2%2Fimg2.jpg?alt=media&token=a87f45fd-11d5-41e4-834f-d5db762549f0	E788E8D9BE59383DA0A0A5279F28F225F66853F3.png
Merchant/K8UD9zb011hfeSjzTrxjSuCHCKr2/shop/simagemain	https://firebasestorage.googleapis.com/v0/b/lfyd-android.appspot.com/o/shopimages%2FK8UD9zb011hfeSjzTrxjSuCHCKr2%2Fimg4.jpg?alt=media&token=4a7bcc0f-53ae-4296-8b8c-b5ad61c0196b	1200511F9DB227AAF1CFFB4C143E578375BCD124.png
Merchant/NPhbfwweJRXBqxDCwPGJ5pLtl8J2/shop/simage1	https://firebasestorage.googleapis.com/v0/b/lfyd-android.appspot.com/o/shopimages%2FNPhbfwweJRXBqxDCwPGJ5pLtl8J2%2Fimg1.jpg?alt=media&token=6da5c352-d299-4592-9887-3660709c6c9a	26ADCA55A8C8916516398D30BA45B245CFB8810D.png
Merchant/NPhbfwweJRXBqxDCwPGJ5pLtl8J2/shop/simage2	https://firebasestorage.googleapis.com/v0/b/lfyd-android.appspot.com/o/shopimages%2FNPhbfwweJRXBqxDCwPGJ5pLtl8J2%2Fimg2.jpg?alt=media&token=bbdd3bec-bcfb-4a8b-9061-2f071251dd87	39B5A53FBF17B5EF4A2C28777AE69F55D18648CD.png
Merchant/NPhbfwweJRXBqxDCwPGJ5pLtl8J2/shop/simagemain	https://firebasestorage.googleapis.com/v0/b/lfyd-android.appspot.com/o/shopimages%2FNPhbfwweJRXBqxDCwPGJ5pLtl8J2%2Fimg4.jpg?alt=media&token=487076bc-95a8-4d01-8378-eecd5f38729b	42ED2D289D46C77A527C64E64A74B78A3AC23622.png
Merchant/RExupR9Y9cOgTmNh09fj2JKkD313/shop/simagemain	https://firebasestorage.googleapis.com/v0/b/lfyd-android.appspot.com/o/shopimages%2FRExupR9Y9cOgTmNh09fj2JKkD313%2Fimg4.jpg?alt=media&token=4507f7ef-d0e5-4c10-afc8-75a4d4615c96	76021BF38D1170A492CC35A559A59DFC494E0CC8.png
Merchant/RTyLCkh0APXvYkRHqR9UJJ81lmz2/shop/simage1	https://firebasestorage.googleapis.com/v0/b/lfyd-android.appspot.com/o/shopimages%2FRTyLCkh0APXvYkRHqR9UJJ81lmz2%2Fimg1.jpg?alt=media&token=adff024d-ac1a-40dc-b6fb-1590ed78a8e3	ED6A43D9947D527851577ED7F65B850FC10024F2.png
Merchant/RTyLCkh0APXvYkRHqR9UJJ81lmz2/shop/simage2	https://firebasestorage.googleapis.com/v0/b/lfyd-android.appspot.com/o/shopimages%2FRTyLCkh0APXvYkRHqR9UJJ81lmz2%2Fimg2.jpg?alt=media&token=bc34295f-d17d-4546-92b4-ca9bacca620b	F8ED220664E97D4321048D4F047677038E55F38D.png
Merchant/RTyLCkh0APXvYkRHqR9UJJ81lmz2/shop/simage3	https://firebasestorage.googleapis.com/v0/b/lfyd-android.appspot.com/o/shopimages%2FRTyLCkh0APXvYkRHqR9UJJ81lmz2%2Fimg3.jpg?alt=media&token=12256ff1-20c2-4c18-8375-31e3181b816b	F63CAC4CDE1D74E2C11B26A1291DB5F76E084B57.png
Merchant/RTyLCkh0APXvYkRHqR9UJJ81lmz2/shop/simagemain	https://firebasestorage.googleapis.com/v0/b/lfyd-android.appspot.com/o/shopimages%2FRTyLCkh0APXvYkRHqR9UJJ81lmz2%2Fimg4.jpg?alt=media&token=444cf441-97b9-4bc0-8103-79296ef21e45	1799ECB7D9B2DE3597E0E3CD2E7C1F2BDB776891.png
Merchant/UG0rWxRd84RNCpE1Xo7wcB4zcb42/shop/simagemain	https://firebasestorage.googleapis.com/v0/b/lfyd-android.appspot.com/o/shopimages%2FUG0rWxRd84RNCpE1Xo7wcB4zcb42%2Fimg4.jpg?alt=media&token=79015eb3-0e30-4706-b7ce-8b5e3c4e8545	17A57ABD5A0E431FBF7F970458B5A0724B516F32.png
Merchant/XeD2ryH2K5bLF0bwA5zfgE8gf0G3/shop/simage1	https://firebasestorage.googleapis.com/v0/b/lfyd-android.appspot.com/o/shopimages%2FXeD2ryH2K5bLF0bwA5zfgE8gf0G3%2Fimg1.jpg?alt=media&token=d473084e-fdac-45f6-9cc2-68edc3e7fc76	A83D60D865FCB1AF018E6451695CCDE14D5937C7.png
Merchant/XeD2ryH2K5bLF0bwA5zfgE8gf0G3/shop/simage2	https://firebasestorage.googleapis.com/v0/b/lfyd-android.appspot.com/o/shopimages%2FXeD2ryH2K5bLF0bwA5zfgE8gf0G3%2Fimg2.jpg?alt=media&token=3cddbae7-3e19-4369-b62e-012ac438d960	0D4F3AE576D2C17A9B8F1E5458B9D4003619A33A.png
Merchant/XeD2ryH2K5bLF0bwA5zfgE8gf0G3/shop/simagemain	https://firebasestorage.googleapis.com/v0/b/lfyd-android.appspot.com/o/shopimages%2FXeD2ryH2K5bLF0bwA5zfgE8gf0G3%2Fimg4.jpg?alt=media&token=406b0ffa-a2bd-47ab-a888-e510d57ab5b7	A446B4A1697714316E55C7EB50B7FBA31740FE49.png
Merchant/ZiEbhpUNLDU8NiZMCA2zUm6oBqV2/shop/simage1	https://firebasestorage.googleapis.com/v0/b/lfyd-android.appspot.com/o/shopimages%2FZiEbhpUNLDU8NiZMCA2zUm6oBqV2%2Fimg1.jpg?alt=media&token=e42ec9db-12a5-4f09-b861-46372164863c	760A31E8D451429D3B4B1C6E315236C74B5A0A00.png
Merchant/ZiEbhpUNLDU8NiZMCA2zUm6oBqV2/shop/simagemain	https://firebasestorage.googleapis.com/v0/b/lfyd-android.appspot.com/o/shopimages%2FZiEbhpUNLDU8NiZMCA2zUm6oBqV2%2Fimg4.jpg?alt=media&token=f7573ad0-f3a6-4072-bc54-b74856f91860	FC02B73747A153E4922E327EE26AB2FB5402A887.png
Merchant/aOELbdRivreJz1XPW2aO33WpeO03/shop/simage1	https://firebasestorage.googleapis.com/v0/b/lfyd-android.appspot.com/o/shopimages%2FaOELbdRivreJz1XPW2aO33WpeO03%2Fimg1.jpg?alt=media&token=5eddf718-5233-43d9-b3ac-4347504267c7	4A20FD84250933A18F9C20961C8E2202966D411A.png
Merchant/aOELbdRivreJz1XPW2aO33WpeO03/shop/simage2	https://firebasestorage.googleapis.com/v0/b/lfyd-android.appspot.com/o/shopimages%2FaOELbdRivreJz1XPW2aO33WpeO03%2Fimg2.jpg?alt=media&token=ca6fa468-d928-4fea-8081-dd3538420433	49AD3E6A712C744109D6EEC4A53C337EDC18C35F.png
Merchant/aOELbdRivreJz1XPW2aO33WpeO03/shop/simagemain	https://firebasestorage.googleapis.com/v0/b/lfyd-android.appspot.com/o/shopimages%2FaOELbdRivreJz1XPW2aO33WpeO03%2Fimg4.jpg?alt=media&token=a6621204-31c0-41fa-bc9c-eda2c00f00d4	126EE090AF93062563C675788A4E1E969FF1A93B.png
Merchant/gM9wwtXn98Z9cfCDx8OG6l2YueC3/shop/simagemain	https://firebasestorage.googleapis.com/v0/b/lfyd-android.appspot.com/o/shopimages%2FgM9wwtXn98Z9cfCDx8OG6l2YueC3%2Fimg4.jpg?alt=media&token=f6e419de-d2d4-4188-9e33-0a281c24c491	1336ED8ADFA50D42894DFE573957F77B6C62FE94.png
Merchant/j5t9oosBDHaHx5EqjaJec5Lh7cQ2/shop/simage1	https://firebasestorage.googleapis.com/v0/b/lfyd-android.appspot.com/o/shopimages%2Fj5t9oosBDHaHx5EqjaJec5Lh7cQ2%2Fimg1.jpg?alt=media&token=10080391-e21f-46bd-abdc-53709fc26e75	2540E3B6221E35144997FAF2042824312DC0C789.png
Merchant/j5t9oosBDHaHx5EqjaJec5Lh7cQ2/shop/simage2	https://firebasestorage.googleapis.com/v0/b/lfyd-android.appspot.com/o/shopimages%2Fj5t9oosBDHaHx5EqjaJec5Lh7cQ2%2Fimg2.jpg?alt=media&token=1e3f3424-d671-47bc-af24-5770288e421d	FD7619F8F6FC0FA4283919B3CB9773C202EB2737.png
Merchant/j5t9oosBDHaHx5EqjaJec5Lh7cQ2/shop/simagemain	https://firebasestorage.googleapis.com/v0/b/lfyd-android.appspot.com/o/shopimages%2Fj5t9oosBDHaHx5EqjaJec5Lh7cQ2%2Fimg4.jpg?alt=media&token=e2f47eaf-39e0-4b31-8512-adbf5795f28c	A3320CE4AFB1DDA1D61D5361ADE0D4771B4CD7FC.png
Merchant/j7FBvJdmLeakJgI7utRrokMERME3/shop/simagemain	https://firebasestorage.googleapis.com/v0/b/lfyd-android.appspot.com/o/shopimages%2Fj7FBvJdmLeakJgI7utRrokMERME3%2Fimg4.jpg?alt=media&token=ab1c48d3-eb64-484b-bf9b-a79218e88a0a	E1C2A9EA9E6B4F154FA9214E7BE8FA3898A0DE62.png
Merchant/kJhpXINtVpfFGTqdobQkDW7T0KG2/shop/simage1	https://firebasestorage.googleapis.com/v0/b/lfyd-android.appspot.com/o/shopimages%2FkJhpXINtVpfFGTqdobQkDW7T0KG2%2Fimg1.jpg?alt=media&token=22bfbc98-d13d-4ec7-8a67-386282c48d21	9688AA46EFED6B00B699537E78D6F831AEACD73A.png
Merchant/kJhpXINtVpfFGTqdobQkDW7T0KG2/shop/simage2	https://firebasestorage.googleapis.com/v0/b/lfyd-android.appspot.com/o/shopimages%2FkJhpXINtVpfFGTqdobQkDW7T0KG2%2Fimg2.jpg?alt=media&token=cbac7c8e-51c6-4332-847d-a2ad5dec1595	DFF42D2889F12036DD2802308F2C00B5CA813825.png
Merchant/kJhpXINtVpfFGTqdobQkDW7T0KG2/shop/simagemain	https://firebasestorage.googleapis.com/v0/b/lfyd-android.appspot.com/o/shopimages%2FkJhpXINtVpfFGTqdobQkDW7T0KG2%2Fimg4.jpg?alt=media&token=cfdb9245-c7a9-4326-9179-eb727207a7ac	08B3E834EA12F0ECF9B1359185DAD1CFAE035FFD.png
Merchant/l7u70AODu6Nd7IcQkLet8mOEJNM2/shop/simage1	https://firebasestorage.googleapis.com/v0/b/lfyd-android.appspot.com/o/shopimages%2Fl7u70AODu6Nd7IcQkLet8mOEJNM2%2Fimg1.jpg?alt=media&token=09406fe9-e6a9-4b90-9319-37e51e60fade	B2FF8147E2187CDC7BAF68F9A1A75E48DE4D0026.png
Merchant/l7u70AODu6Nd7IcQkLet8mOEJNM2/shop/simage2	https://firebasestorage.googleapis.com/v0/b/lfyd-android.appspot.com/o/shopimages%2Fl7u70AODu6Nd7IcQkLet8mOEJNM2%2Fimg2.jpg?alt=media&token=cd21ebe1-71ed-4d4a-85de-1b53fd2175a0	1AD87053C9EB7CBE69EE722A45D72F6AF08AD38C.png
Merchant/l7u70AODu6Nd7IcQkLet8mOEJNM2/shop/simagemain	https://firebasestorage.googleapis.com/v0/b/lfyd-android.appspot.com/o/shopimages%2Fl7u70AODu6Nd7IcQkLet8mOEJNM2%2Fimg4.jpg?alt=media&token=fe56a860-2395-49f6-b2d2-0b7c0b97b504	FD8015DC7734630349221AE0E76351E663F84775.png
Merchant/lJj7yk1jYaeAvc26uNmBnjZK1k32/shop/simage1	https://firebasestorage.googleapis.com/v0/b/lfyd-android.appspot.com/o/shopimages%2FlJj7yk1jYaeAvc26uNmBnjZK1k32%2Fimg1.jpg?alt=media&token=2c857f52-7cd4-47bd-8aba-cfc04399164b	573CFB7D3B8E52F2F357A1DDD448FDE20B23AD56.png
Merchant/lJj7yk1jYaeAvc26uNmBnjZK1k32/shop/simage2	https://firebasestorage.googleapis.com/v0/b/lfyd-android.appspot.com/o/shopimages%2FlJj7yk1jYaeAvc26uNmBnjZK1k32%2Fimg2.jpg?alt=media&token=2ffe6cc1-f985-4e36-97d7-c127d691c086	49673DCC34CF9F1F6CEA11690478DAAFC36024BE.png
Merchant/lJj7yk1jYaeAvc26uNmBnjZK1k32/shop/simagemain	https://firebasestorage.googleapis.com/v0/b/lfyd-android.appspot.com/o/shopimages%2FlJj7yk1jYaeAvc26uNmBnjZK1k32%2Fimg4.jpg?alt=media&token=0f64a48b-a4a6-4cee-9b19-31f245fd3e86	3A3BFAFB1BB99BE7D10699ED73A246AE644D3E01.png
Merchant/lXD0ZBdx0IMdCxBzb2i961TJUxH2/personal/image	https://firebasestorage.googleapis.com/v0/b/lfyd-android.appspot.com/o/images%2FlXD0ZBdx0IMdCxBzb2i961TJUxH2.jpg?alt=media&token=b66c32cb-5a8a-4b59-aecb-3dfe26e7506a	EEC76F883AA06138A69A6AF13CA324949CD6D52C.png
Merchant/lXD0ZBdx0IMdCxBzb2i961TJUxH2/shop/simagemain	https://firebasestorage.googleapis.com/v0/b/lfyd-android.appspot.com/o/shopimages%2FlXD0ZBdx0IMdCxBzb2i961TJUxH2%2Fimg4.jpg?alt=media&token=81279175-28ff-42b5-b14c-f7c5eedefabd	70ABEE09A60837688E9BD44474E30314A5D565B1.png
Merchant/lZE0DT0caSawSlZug7ETdd86wHq1/shop/simage1	https://firebasestorage.googleapis.com/v0/b/lfyd-android.appspot.com/o/shopimages%2FlZE0DT0caSawSlZug7ETdd86wHq1%2Fimg1.jpg?alt=media&token=ab7f9459-11ac-4156-9fe6-28716adaac92	AE4D7B74AD1F3F09EEC89970C0570185B4A303C7.png
Merchant/lZE0DT0caSawSlZug7ETdd86wHq1/shop/simage2	https://firebasestorage.googleapis.com/v0/b/lfyd-android.appspot.com/o/shopimages%2FlZE0DT0caSawSlZug7ETdd86wHq1%2Fimg2.jpg?alt=media&token=1f4f208a-fbfd-4c57-be00-0ea841067fdf	DFC3A916348E072BFDB8B1B24FB548DAD5670FFC.png
Merchant/lZE0DT0caSawSlZug7ETdd86wHq1/shop/simage3	https://firebasestorage.googleapis.com/v0/b/lfyd-android.appspot.com/o/shopimages%2FlZE0DT0caSawSlZug7ETdd86wHq1%2Fimg3.jpg?alt=media&token=23e44991-4a51-4f4d-8231-bbc528543e2b	D40C5BEB311774C8431BCB836AB4FAC4018650E1.png
Merchant/lZE0DT0caSawSlZug7ETdd86wHq1/shop/simagemain	https://firebasestorage.googleapis.com/v0/b/lfyd-android.appspot.com/o/shopimages%2FlZE0DT0caSawSlZug7ETdd86wHq1%2Fimg4.jpg?alt=media&token=c7496810-360c-4e65-a5ea-621f4f369fdf	CE7C7A656913B2B6130909DF5CB34D2FE9A9F194.png
Merchant/nDVYi0OPwggQIvOuC0UywNb4aqf1/shop/simagemain	https://firebasestorage.googleapis.com/v0/b/lfyd-android.appspot.com/o/shopimages%2FnDVYi0OPwggQIvOuC0UywNb4aqf1%2Fimg4.jpg?alt=media&token=413577a4-731c-4012-9457-a4f86f017b6e	417D1A78C63F2B74F4B646112116D2E53E331E0A.png
Merchant/pSyj2nCimcMpZyOzIfT5gRePC3l1/shop/simage1	https://firebasestorage.googleapis.com/v0/b/lfyd-android.appspot.com/o/shopimages%2FpSyj2nCimcMpZyOzIfT5gRePC3l1%2Fimg1.jpg?alt=media&token=115cf97b-9759-4cf3-ba36-4d762f974b92	BD7CB22AF4C8EA40E8137A17C09154A5D5321E11.png
Merchant/pSyj2nCimcMpZyOzIfT5gRePC3l1/shop/simage2	https://firebasestorage.googleapis.com/v0/b/lfyd-android.appspot.com/o/shopimages%2FpSyj2nCimcMpZyOzIfT5gRePC3l1%2Fimg2.jpg?alt=media&token=23654169-1180-4d9d-bd66-7c52e6c894b7	A0020E40BE5D207B42FB54787251EA8A6A269ECE.png
Merchant/pSyj2nCimcMpZyOzIfT5gRePC3l1/shop/simagemain	https://firebasestorage.googleapis.com/v0/b/lfyd-android.appspot.com/o/shopimages%2FpSyj2nCimcMpZyOzIfT5gRePC3l1%2Fimg4.jpg?alt=media&token=13f021dd-7860-4534-8a7e-491d7207e4e3	B360E5389FC3C5B8906F9E3039B994926CB12536.png
Merchant/tCV8VO88uBZ9Xlc1VXEZO1kTj4A3/shop/simage1	https://firebasestorage.googleapis.com/v0/b/lfyd-android.appspot.com/o/shopimages%2FtCV8VO88uBZ9Xlc1VXEZO1kTj4A3%2Fimg1.jpg?alt=media&token=c2bfee1c-5d9f-4ad8-aef3-1a713f5d67e2	E6258F088A067F76C3E64EF431EC44A055F5B761.png
Merchant/tCV8VO88uBZ9Xlc1VXEZO1kTj4A3/shop/simagemain	https://firebasestorage.googleapis.com/v0/b/lfyd-android.appspot.com/o/shopimages%2FtCV8VO88uBZ9Xlc1VXEZO1kTj4A3%2Fimg4.jpg?alt=media&token=81ebab00-0f70-47c9-bc12-3d1c5cad207c	3D5860DB15824DFEBAADA6CF960032122CEBC761.png
Merchant/v9FYCRSIgoP7pVKlOenrsfzakaT2/shop/simage1	https://firebasestorage.googleapis.com/v0/b/lfyd-android.appspot.com/o/shopimages%2Fv9FYCRSIgoP7pVKlOenrsfzakaT2%2Fimg1.jpg?alt=media&token=599eb124-d3ab-441d-917f-b0415f9fd2db	5C8B4CE80CDF5081A34BC03C066CE85D9D364514.png
Merchant/v9FYCRSIgoP7pVKlOenrsfzakaT2/shop/simage2	https://firebasestorage.googleapis.com/v0/b/lfyd-android.appspot.com/o/shopimages%2Fv9FYCRSIgoP7pVKlOenrsfzakaT2%2Fimg2.jpg?alt=media&token=7e45ec9a-e3c3-4aba-b6c1-889823b3294b	14ED261C5064BF15D4D672C91400FE5C46A4C236.png
Merchant/v9FYCRSIgoP7pVKlOenrsfzakaT2/shop/simagemain	https://firebasestorage.googleapis.com/v0/b/lfyd-android.appspot.com/o/shopimages%2Fv9FYCRSIgoP7pVKlOenrsfzakaT2%2Fimg4.jpg?alt=media&token=7ab6ba9b-f9bf-40a8-9607-7f4da72df725	E949FBF0B2E54C7684416E8CACBD901FFCCF71FB.png
Notifications/broadcast/1595306715859/image	https://firebasestorage.googleapis.com/v0/b/lfyd-android.appspot.com/o/notifications%2F1595306710507.jpg?alt=media&token=5e1f0919-969a-4cd7-8cfb-ccd69ca92af4	14694C62E0FE847B20917F3E090A38BA96326DFD.png
Offers/-MCasawLx6u8NmypFntW/image	https://firebasestorage.googleapis.com/v0/b/lfyd-android.appspot.com/o/Offers%2F-MCasawLx6u8NmypFntW.png?alt=media&token=722e5f2c-61be-4307-8514-5b81df7d798b	B6B0BCEF5F8B98F8413614AB2C099F49F24C8161.png
Shops/-MCaDUUV5Md7EE192OwX/simagemain	https://firebasestorage.googleapis.com/v0/b/lfyd-android.appspot.com/o/shopimages%2FlXD0ZBdx0IMdCxBzb2i961TJUxH2%2Fimg4.jpg?alt=media&token=81279175-28ff-42b5-b14c-f7c5eedefabd	70ABEE09A60837688E9BD44474E30314A5D565B1.png
Shops/-MCaJCZsNW8ztqqmJtHo/simagemain	https://firebasestorage.googleapis.com/v0/b/lfyd-android.appspot.com/o/shopimages%2Fj7FBvJdmLeakJgI7utRrokMERME3%2Fimg4.jpg?alt=media&token=ab1c48d3-eb64-484b-bf9b-a79218e88a0a	E1C2A9EA9E6B4F154FA9214E7BE8FA3898A0DE62.png
Shops/-MCaxGP9I7keE5ByyELJ/simagemain	https://firebasestorage.googleapis.com/v0/b/lfyd-android.appspot.com/o/shopimages%2F6jrqOHtPAdfdT5WHXZrMSvZdIEk1%2Fimg4.jpg?alt=media&token=1f16531c-6468-4f56-bb85-5c9d12494a9b	849A49A7AAC6A52AEF7C9278EF60A2CAE05B136C.png
Shops/-MCcL-qE3eg4Gxr2MVPL/simagemain	https://firebasestorage.googleapis.com/v0/b/lfyd-android.appspot.com/o/shopimages%2FRExupR9Y9cOgTmNh09fj2JKkD313%2Fimg4.jpg?alt=media&token=4507f7ef-d0e5-4c10-afc8-75a4d4615c96	76021BF38D1170A492CC35A559A59DFC494E0CC8.png
Shops/-MCcMo97_m_iDUxmpJq4/simage1	https://firebasestorage.googleapis.com/v0/b/lfyd-android.appspot.com/o/shopimages%2FlZE0DT0caSawSlZug7ETdd86wHq1%2Fimg1.jpg?alt=media&token=ab7f9459-11ac-4156-9fe6-28716adaac92	AE4D7B74AD1F3F09EEC89970C0570185B4A303C7.png
Shops/-MCcMo97_m_iDUxmpJq4/simage2	https://firebasestorage.googleapis.com/v0/b/lfyd-android.appspot.com/o/shopimages%2FlZE0DT0caSawSlZug7ETdd86wHq1%2Fimg2.jpg?alt=media&token=1f4f208a-fbfd-4c57-be00-0ea841067fdf	DFC3A916348E072BFDB8B1B24FB548DAD5670FFC.png
Shops/-MCcMo97_m_iDUxmpJq4/simage3	https://firebasestorage.googleapis.com/v0/b/lfyd-android.appspot.com/o/shopimages%2FlZE0DT0caSawSlZug7ETdd86wHq1%2Fimg3.jpg?alt=media&token=23e44991-4a51-4f4d-8231-bbc528543e2b	D40C5BEB311774C8431BCB836AB4FAC4018650E1.png
Shops/-MCcMo97_m_iDUxmpJq4/simagemain	https://firebasestorage.googleapis.com/v0/b/lfyd-android.appspot.com/o/shopimages%2FlZE0DT0caSawSlZug7ETdd86wHq1%2Fimg4.jpg?alt=media&token=c7496810-360c-4e65-a5ea-621f4f369fdf	CE7C7A656913B2B6130909DF5CB34D2FE9A9F194.png
Shops/-MCco6Lgm9LFhfTDxEal/simage1	https://firebasestorage.googleapis.com/v0/b/lfyd-android.appspot.com/o/shopimages%2FJxtAM5dyb6SXCwpuzeB7PPa1OF63%2Fimg1.jpg?alt=media&token=ada20562-6131-4842-b070-b747ac7a0bc0	F48D59714536F2D4E03DC6D106E5EBA4E8DA175C.png
Shops/-MCco6Lgm9LFhfTDxEal/simage2	https://firebasestorage.googleapis.com/v0/b/lfyd-android.appspot.com/o/shopimages%2FJxtAM5dyb6SXCwpuzeB7PPa1OF63%2Fimg2.jpg?alt=media&token=8a25a2aa-f4b2-4101-b1f5-e635ad483bcf	1CA1D79C131F5998D2E35004296C8DF7C958E882.png
Shops/-MCco6Lgm9LFhfTDxEal/simage3	https://firebasestorage.googleapis.com/v0/b/lfyd-android.appspot.com/o/shopimages%2FJxtAM5dyb6SXCwpuzeB7PPa1OF63%2Fimg3.jpg?alt=media&token=bd1432c0-a6ae-4fae-bf33-609ed0ce0038	384AFB273E75872F34681EEC53C99860400F407A.png
Shops/-MCco6Lgm9LFhfTDxEal/simagemain	https://firebasestorage.googleapis.com/v0/b/lfyd-android.appspot.com/o/shopimages%2FJxtAM5dyb6SXCwpuzeB7PPa1OF63%2Fimg4.jpg?alt=media&token=0e526507-4c23-4b37-8fab-477d234db563	98D67FEE6681B7902CFA904D493FB3696A33D25B.png
Shops/-MCecPLr9x_xAI9LTt_8/simage1	https://firebasestorage.googleapis.com/v0/b/lfyd-android.appspot.com/o/shopimages%2FIoAZ67qDglYSAgaGQV5fmAtLd6E3%2Fimg1.jpg?alt=media&token=3e27acf8-b3dc-4d04-9d43-18462ee5681c	88E8FEEA2E97989868445ADAA6AEE10C04946B3C.png
Shops/-MCecPLr9x_xAI9LTt_8/simage2	https://firebasestorage.googleapis.com/v0/b/lfyd-android.appspot.com/o/shopimages%2FIoAZ67qDglYSAgaGQV5fmAtLd6E3%2Fimg2.jpg?alt=media&token=1488c215-9cda-4da9-be7f-4a2fdcf2944c	3130DD5A14BEA86D4C8A902A9CC714D7E5B59CAB.png
Shops/-MCecPLr9x_xAI9LTt_8/simagemain	https://firebasestorage.googleapis.com/v0/b/lfyd-android.appspot.com/o/shopimages%2FIoAZ67qDglYSAgaGQV5fmAtLd6E3%2Fimg4.jpg?alt=media&token=0d6cd2f5-3069-4c55-9c40-4ccf96edc906	B740D010028169B6191EA61D7D527A4917B66FFB.png
Shops/-MCfKifjYNjTgOBjibVu/simage1	https://firebasestorage.googleapis.com/v0/b/lfyd-android.appspot.com/o/shopimages%2Fj5t9oosBDHaHx5EqjaJec5Lh7cQ2%2Fimg1.jpg?alt=media&token=10080391-e21f-46bd-abdc-53709fc26e75	2540E3B6221E35144997FAF2042824312DC0C789.png
Shops/-MCfKifjYNjTgOBjibVu/simage2	https://firebasestorage.googleapis.com/v0/b/lfyd-android.appspot.com/o/shopimages%2Fj5t9oosBDHaHx5EqjaJec5Lh7cQ2%2Fimg2.jpg?alt=media&token=1e3f3424-d671-47bc-af24-5770288e421d	FD7619F8F6FC0FA4283919B3CB9773C202EB2737.png
Shops/-MCfKifjYNjTgOBjibVu/simagemain	https://firebasestorage.googleapis.com/v0/b/lfyd-android.appspot.com/o/shopimages%2Fj5t9oosBDHaHx5EqjaJec5Lh7cQ2%2Fimg4.jpg?alt=media&token=e2f47eaf-39e0-4b31-8512-adbf5795f28c	A3320CE4AFB1DDA1D61D5361ADE0D4771B4CD7FC.png
Shops/-MCfOV01NpzEOWrj3p7m/simage1	https://firebasestorage.googleapis.com/v0/b/lfyd-android.appspot.com/o/shopimages%2FpSyj2nCimcMpZyOzIfT5gRePC3l1%2Fimg1.jpg?alt=media&token=115cf97b-9759-4cf3-ba36-4d762f974b92	BD7CB22AF4C8EA40E8137A17C09154A5D5321E11.png
Shops/-MCfOV01NpzEOWrj3p7m/simage2	https://firebasestorage.googleapis.com/v0/b/lfyd-android.appspot.com/o/shopimages%2FpSyj2nCimcMpZyOzIfT5gRePC3l1%2Fimg2.jpg?alt=media&token=23654169-1180-4d9d-bd66-7c52e6c894b7	A0020E40BE5D207B42FB54787251EA8A6A269ECE.png
Shops/-MCfOV01NpzEOWrj3p7m/simagemain	https://firebasestorage.googleapis.com/v0/b/lfyd-android.appspot.com/o/shopimages%2FpSyj2nCimcMpZyOzIfT5gRePC3l1%2Fimg4.jpg?alt=media&token=13f021dd-7860-4534-8a7e-491d7207e4e3	B360E5389FC3C5B8906F9E3039B994926CB12536.png
Shops/-MCfTVHsi4Ys0rruuPyi/simage1	https://firebasestorage.googleapis.com/v0/b/lfyd-android.appspot.com/o/shopimages%2FBQyDAo3ySUX66wVt2NiQTxBaq5u1%2Fimg1.jpg?alt=media&token=640b650d-7f76-4ac1-9203-8aece149e363	E8E76FD5DB068596FA0C7C809A6B6E06DEFE29D1.png
Shops/-MCfTVHsi4Ys0rruuPyi/simage2	https://firebasestorage.googleapis.com/v0/b/lfyd-android.appspot.com/o/shopimages%2FBQyDAo3ySUX66wVt2NiQTxBaq5u1%2Fimg2.jpg?alt=media&token=2bd24441-16e9-4e7a-8bb1-7a48d111dd4b	886E1F4BFB0DAB52F52C6B24F150DE0BB8E3D549.png
Shops/-MCfTVHsi4Ys0rruuPyi/simagemain	https://firebasestorage.googleapis.com/v0/b/lfyd-android.appspot.com/o/shopimages%2FBQyDAo3ySUX66wVt2NiQTxBaq5u1%2Fimg4.jpg?alt=media&token=0224f7fb-2ef1-47a8-a02e-efb3dd9f720a	07EDA67B47EFB62BA6D4426C7F2AB2CB265B222D.png
Shops/-MCfUlobgpuTmx__rIgv/simage1	https://firebasestorage.googleapis.com/v0/b/lfyd-android.appspot.com/o/shopimages%2Fl7u70AODu6Nd7IcQkLet8mOEJNM2%2Fimg1.jpg?alt=media&token=09406fe9-e6a9-4b90-9319-37e51e60fade	B2FF8147E2187CDC7BAF68F9A1A75E48DE4D0026.png
Shops/-MCfUlobgpuTmx__rIgv/simage2	https://firebasestorage.googleapis.com/v0/b/lfyd-android.appspot.com/o/shopimages%2Fl7u70AODu6Nd7IcQkLet8mOEJNM2%2Fimg2.jpg?alt=media&token=cd21ebe1-71ed-4d4a-85de-1b53fd2175a0	1AD87053C9EB7CBE69EE722A45D72F6AF08AD38C.png
Shops/-MCfUlobgpuTmx__rIgv/simagemain	https://firebasestorage.googleapis.com/v0/b/lfyd-android.appspot.com/o/shopimages%2Fl7u70AODu6Nd7IcQkLet8mOEJNM2%2Fimg4.jpg?alt=media&token=fe56a860-2395-49f6-b2d2-0b7c0b97b504	FD8015DC7734630349221AE0E76351E663F84775.png
Shops/-MCfbMxBAgM8TKsDuua-/simage1	https://firebasestorage.googleapis.com/v0/b/lfyd-android.appspot.com/o/shopimages%2FaOELbdRivreJz1XPW2aO33WpeO03%2Fimg1.jpg?alt=media&token=5eddf718-5233-43d9-b3ac-4347504267c7	4A20FD84250933A18F9C20961C8E2202966D411A.png
Shops/-MCfbMxBAgM8TKsDuua-/simage2	https://firebasestorage.googleapis.com/v0/b/lfyd-android.appspot.com/o/shopimages%2FaOELbdRivreJz1XPW2aO33WpeO03%2Fimg2.jpg?alt=media&token=ca6fa468-d928-4fea-8081-dd3538420433	49AD3E6A712C744109D6EEC4A53C337EDC18C35F.png
Shops/-MCfbMxBAgM8TKsDuua-/simagemain	https://firebasestorage.googleapis.com/v0/b/lfyd-android.appspot.com/o/shopimages%2FaOELbdRivreJz1XPW2aO33WpeO03%2Fimg4.jpg?alt=media&token=a6621204-31c0-41fa-bc9c-eda2c00f00d4	126EE090AF93062563C675788A4E1E969FF1A93B.png
Shops/-MCfhtHd0nFsptkkvuJL/simage1	https://firebasestorage.googleapis.com/v0/b/lfyd-android.appspot.com/o/shopimages%2FkJhpXINtVpfFGTqdobQkDW7T0KG2%2Fimg1.jpg?alt=media&token=22bfbc98-d13d-4ec7-8a67-386282c48d21	9688AA46EFED6B00B699537E78D6F831AEACD73A.png
Shops/-MCfhtHd0nFsptkkvuJL/simage2	https://firebasestorage.googleapis.com/v0/b/lfyd-android.appspot.com/o/shopimages%2FkJhpXINtVpfFGTqdobQkDW7T0KG2%2Fimg2.jpg?alt=media&token=cbac7c8e-51c6-4332-847d-a2ad5dec1595	DFF42D2889F12036DD2802308F2C00B5CA813825.png
Shops/-MCfhtHd0nFsptkkvuJL/simagemain	https://firebasestorage.googleapis.com/v0/b/lfyd-android.appspot.com/o/shopimages%2FkJhpXINtVpfFGTqdobQkDW7T0KG2%2Fimg4.jpg?alt=media&token=cfdb9245-c7a9-4326-9179-eb727207a7ac	08B3E834EA12F0ECF9B1359185DAD1CFAE035FFD.png
Shops/-MCfib10DEVIVHiLk1Tc/simagemain	https://firebasestorage.googleapis.com/v0/b/lfyd-android.appspot.com/o/shopimages%2FnDVYi0OPwggQIvOuC0UywNb4aqf1%2Fimg4.jpg?alt=media&token=413577a4-731c-4012-9457-a4f86f017b6e	417D1A78C63F2B74F4B646112116D2E53E331E0A.png
Shops/-MCflnEpImicib4WsaCq/simage1	https://firebasestorage.googleapis.com/v0/b/lfyd-android.appspot.com/o/shopimages%2FK8UD9zb011hfeSjzTrxjSuCHCKr2%2Fimg1.jpg?alt=media&token=46022f0f-2368-4fc4-93d4-e887a1522b66	F4D742D63362C6FF0314811ED92E86425E5737D8.png
Shops/-MCflnEpImicib4WsaCq/simage2	https://firebasestorage.googleapis.com/v0/b/lfyd-android.appspot.com/o/shopimages%2FK8UD9zb011hfeSjzTrxjSuCHCKr2%2Fimg2.jpg?alt=media&token=a87f45fd-11d5-41e4-834f-d5db762549f0	E788E8D9BE59383DA0A0A5279F28F225F66853F3.png
Shops/-MCflnEpImicib4WsaCq/simagemain	https://firebasestorage.googleapis.com/v0/b/lfyd-android.appspot.com/o/shopimages%2FK8UD9zb011hfeSjzTrxjSuCHCKr2%2Fimg4.jpg?alt=media&token=4a7bcc0f-53ae-4296-8b8c-b5ad61c0196b	1200511F9DB227AAF1CFFB4C143E578375BCD124.png
Shops/-MCfn5wKO62rgrU4vUDw/simage1	https://firebasestorage.googleapis.com/v0/b/lfyd-android.appspot.com/o/shopimages%2FRTyLCkh0APXvYkRHqR9UJJ81lmz2%2Fimg1.jpg?alt=media&token=adff024d-ac1a-40dc-b6fb-1590ed78a8e3	ED6A43D9947D527851577ED7F65B850FC10024F2.png
Shops/-MCfn5wKO62rgrU4vUDw/simage2	https://firebasestorage.googleapis.com/v0/b/lfyd-android.appspot.com/o/shopimages%2FRTyLCkh0APXvYkRHqR9UJJ81lmz2%2Fimg2.jpg?alt=media&token=bc34295f-d17d-4546-92b4-ca9bacca620b	F8ED220664E97D4321048D4F047677038E55F38D.png
Shops/-MCfn5wKO62rgrU4vUDw/simage3	https://firebasestorage.googleapis.com/v0/b/lfyd-android.appspot.com/o/shopimages%2FRTyLCkh0APXvYkRHqR9UJJ81lmz2%2Fimg3.jpg?alt=media&token=12256ff1-20c2-4c18-8375-31e3181b816b	F63CAC4CDE1D74E2C11B26A1291DB5F76E084B57.png
Shops/-MCfn5wKO62rgrU4vUDw/simagemain	https://firebasestorage.googleapis.com/v0/b/lfyd-android.appspot.com/o/shopimages%2FRTyLCkh0APXvYkRHqR9UJJ81lmz2%2Fimg4.jpg?alt=media&token=444cf441-97b9-4bc0-8103-79296ef21e45	1799ECB7D9B2DE3597E0E3CD2E7C1F2BDB776891.png
Shops/-MCfqmTSMuv0Lb9HIgEV/simage1	https://firebasestorage.googleapis.com/v0/b/lfyd-android.appspot.com/o/shopimages%2FlJj7yk1jYaeAvc26uNmBnjZK1k32%2Fimg1.jpg?alt=media&token=2c857f52-7cd4-47bd-8aba-cfc04399164b	573CFB7D3B8E52F2F357A1DDD448FDE20B23AD56.png
Shops/-MCfqmTSMuv0Lb9HIgEV/simage2	https://firebasestorage.googleapis.com/v0/b/lfyd-android.appspot.com/o/shopimages%2FlJj7yk1jYaeAvc26uNmBnjZK1k32%2Fimg2.jpg?alt=media&token=2ffe6cc1-f985-4e36-97d7-c127d691c086	49673DCC34CF9F1F6CEA11690478DAAFC36024BE.png
Shops/-MCfqmTSMuv0Lb9HIgEV/simagemain	https://firebasestorage.googleapis.com/v0/b/lfyd-android.appspot.com/o/shopimages%2FlJj7yk1jYaeAvc26uNmBnjZK1k32%2Fimg4.jpg?alt=media&token=0f64a48b-a4a6-4cee-9b19-31f245fd3e86	3A3BFAFB1BB99BE7D10699ED73A246AE644D3E01.png
Shops/-MCgA0I84MEPmM2RHaHR/simagemain	https://firebasestorage.googleapis.com/v0/b/lfyd-android.appspot.com/o/shopimages%2FUG0rWxRd84RNCpE1Xo7wcB4zcb42%2Fimg4.jpg?alt=media&token=79015eb3-0e30-4706-b7ce-8b5e3c4e8545	17A57ABD5A0E431FBF7F970458B5A0724B516F32.png
Shops/-MCi25AqbuYoMJYXZ8wx/simage1	https://firebasestorage.googleapis.com/v0/b/lfyd-android.appspot.com/o/shopimages%2FXeD2ryH2K5bLF0bwA5zfgE8gf0G3%2Fimg1.jpg?alt=media&token=d473084e-fdac-45f6-9cc2-68edc3e7fc76	A83D60D865FCB1AF018E6451695CCDE14D5937C7.png
Shops/-MCi25AqbuYoMJYXZ8wx/simage2	https://firebasestorage.googleapis.com/v0/b/lfyd-android.appspot.com/o/shopimages%2FXeD2ryH2K5bLF0bwA5zfgE8gf0G3%2Fimg2.jpg?alt=media&token=3cddbae7-3e19-4369-b62e-012ac438d960	0D4F3AE576D2C17A9B8F1E5458B9D4003619A33A.png
Shops/-MCi25AqbuYoMJYXZ8wx/simagemain	https://firebasestorage.googleapis.com/v0/b/lfyd-android.appspot.com/o/shopimages%2FXeD2ryH2K5bLF0bwA5zfgE8gf0G3%2Fimg4.jpg?alt=media&token=406b0ffa-a2bd-47ab-a888-e510d57ab5b7	A446B4A1697714316E55C7EB50B7FBA31740FE49.png
Shops/-MCizVtc5KyxiM_OKBOe/simage1	https://firebasestorage.googleapis.com/v0/b/lfyd-android.appspot.com/o/shopimages%2FtCV8VO88uBZ9Xlc1VXEZO1kTj4A3%2Fimg1.jpg?alt=media&token=c2bfee1c-5d9f-4ad8-aef3-1a713f5d67e2	E6258F088A067F76C3E64EF431EC44A055F5B761.png
Shops/-MCizVtc5KyxiM_OKBOe/simagemain	https://firebasestorage.googleapis.com/v0/b/lfyd-android.appspot.com/o/shopimages%2FtCV8VO88uBZ9Xlc1VXEZO1kTj4A3%2Fimg4.jpg?alt=media&token=81ebab00-0f70-47c9-bc12-3d1c5cad207c	3D5860DB15824DFEBAADA6CF960032122CEBC761.png
Shops/-MCjRZaMFmG25qZaPoe1/simage1	https://firebasestorage.googleapis.com/v0/b/lfyd-android.appspot.com/o/shopimages%2FNPhbfwweJRXBqxDCwPGJ5pLtl8J2%2Fimg1.jpg?alt=media&token=6da5c352-d299-4592-9887-3660709c6c9a	26ADCA55A8C8916516398D30BA45B245CFB8810D.png
Shops/-MCjRZaMFmG25qZaPoe1/simage2	https://firebasestorage.googleapis.com/v0/b/lfyd-android.appspot.com/o/shopimages%2FNPhbfwweJRXBqxDCwPGJ5pLtl8J2%2Fimg2.jpg?alt=media&token=bbdd3bec-bcfb-4a8b-9061-2f071251dd87	39B5A53FBF17B5EF4A2C28777AE69F55D18648CD.png
Shops/-MCjRZaMFmG25qZaPoe1/simagemain	https://firebasestorage.googleapis.com/v0/b/lfyd-android.appspot.com/o/shopimages%2FNPhbfwweJRXBqxDCwPGJ5pLtl8J2%2Fimg4.jpg?alt=media&token=487076bc-95a8-4d01-8378-eecd5f38729b	42ED2D289D46C77A527C64E64A74B78A3AC23622.png
Shops/-MCjX-29bXPvEHyubUtR/simagemain	https://firebasestorage.googleapis.com/v0/b/lfyd-android.appspot.com/o/shopimages%2FgM9wwtXn98Z9cfCDx8OG6l2YueC3%2Fimg4.jpg?alt=media&token=f6e419de-d2d4-4188-9e33-0a281c24c491	1336ED8ADFA50D42894DFE573957F77B6C62FE94.png
Shops/-MCjdbMPnt0K6Zi6MGpG/simage1	https://firebasestorage.googleapis.com/v0/b/lfyd-android.appspot.com/o/shopimages%2Fv9FYCRSIgoP7pVKlOenrsfzakaT2%2Fimg1.jpg?alt=media&token=599eb124-d3ab-441d-917f-b0415f9fd2db	5C8B4CE80CDF5081A34BC03C066CE85D9D364514.png
Shops/-MCjdbMPnt0K6Zi6MGpG/simage2	https://firebasestorage.googleapis.com/v0/b/lfyd-android.appspot.com/o/shopimages%2Fv9FYCRSIgoP7pVKlOenrsfzakaT2%2Fimg2.jpg?alt=media&token=7e45ec9a-e3c3-4aba-b6c1-889823b3294b	14ED261C5064BF15D4D672C91400FE5C46A4C236.png
Shops/-MCjdbMPnt0K6Zi6MGpG/simagemain	https://firebasestorage.googleapis.com/v0/b/lfyd-android.appspot.com/o/shopimages%2Fv9FYCRSIgoP7pVKlOenrsfzakaT2%2Fimg4.jpg?alt=media&token=7ab6ba9b-f9bf-40a8-9607-7f4da72df725	E949FBF0B2E54C7684416E8CACBD901FFCCF71FB.png
temp/DashBoardBusiness[1]/img	https://image.flaticon.com/icons/svg/540/540218.svg	7E6A74DDF160E21B7AD41FAF72C4AC30014E9040.svg
temp/DashBoardBusiness[2]/img	https://image.flaticon.com/icons/svg/1966/1966274.svg	269DD20E9097CB8A7DE622C19F470C4E66295A4B.svg
temp/DashBoardBusiness[3]/img	https://image.flaticon.com/icons/svg/2015/2015052.svg	6CCB20AA15F15346284DE67407D28A41FB64D338.svg
temp/DashBoardBusiness[4]/img	https://image.flaticon.com/icons/svg/2058/2058528.svg	B7F3C784ECB4D7CA21F029CE4B4F064B540D6194.svg
temp/DashBoardBusiness[5]/img	https://image.flaticon.com/icons/svg/2544/2544881.svg	193D68511C67A0F957A24B43E2C7491C76BFB5DC.svg
temp/DashBoardBusiness[6]/img	https://image.flaticon.com/icons/svg/2656/2656844.svg	E36105D06AB2107E80E0F40E741073BC74AE3A75.svg
temp/DashBoardBusiness[7]/img	https://image.flaticon.com/icons/svg/2664/2664625.svg	A0458A1854845D2F102839EA839BEEB737186444.svg
temp/DashBoardBusiness[8]/img	https://image.flaticon.com/icons/svg/1021/1021566.svg	37FF4CD46BE0342A55B2787C80AE8A70750759DC.svg
temp/DashBoardBusiness[9]/img	https://image.flaticon.com/icons/svg/2422/2422052.svg	5D801155944454B7CEA55611599A6535D348B3A9.svg
temp/DashBoardBusiness[10]/img	https://image.flaticon.com/icons/svg/2646/2646969.svg	838B83AD0DC16B9670BEC99CB75C4C4299ADDBCA.svg
temp/DashBoardBusiness[11]/img	https://image.flaticon.com/icons/svg/2589/2589903.svg	7AC03F852C810B57833D182CAB92DE16D1CB4411.svg
temp/DashBoardBusiness[12]/img	https://image.flaticon.com/icons/svg/2413/2413711.svg	2B54A0F1445D593884FBCC2420615B16841C9269.svg
temp/DashBoardBusiness[13]/img	https://image.flaticon.com/icons/svg/2674/2674885.svg	1012C138AB1D102BA1149022A78EFBA1B573C91C.svg
temp/DashBoardBusiness[14]/img	https://image.flaticon.com/icons/svg/1819/1819589.svg	6AB6C99B3ABFE8055300ACB9D5D0F9F64157E33A.svg
temp/DashBoardBusiness[15]/img	https://image.flaticon.com/icons/svg/1394/1394939.svg	6B31AD47AC28C43A85D98E3A808D568ECFA94C60.svg
temp/DashBoardBusiness[16]/img	https://image.flaticon.com/icons/svg/527/527792.svg	47F7676AB8D4ABC6AE6551B72D5D64CB1865C62F.svg
temp/DashBoardBusiness[17]/img	https://image.flaticon.com/icons/svg/770/770093.svg	AC4A0B7E0DD3A5ACC7A6AE96AB610BBF1AEB6409.svg
temp/DashBoardBusiness[18]/img	https://image.flaticon.com/icons/svg/288/288176.svg	01AD8C39DE9631F24C5EA74586D4992154B03DC7.svg
temp/DashBoardBusiness[19]/img	https://image.flaticon.com/icons/svg/1607/1607344.svg	D0852881B22280597DC9C3BF735C5B56EAEC4A4B.svg
temp/DashBoardBusiness[20]/img	https://image.flaticon.com/icons/svg/508/508889.svg	399A85942D8A01ACDF1D415BCB059C92A2FE91FF.svg
temp/DashBoardBusiness[21]/img	https://image.flaticon.com/icons/svg/450/450764.svg	7BE92FDF5415C254279309126F73E61E4AFD430F.svg
temp/DashBoardBusiness[22]/img	https://image.flaticon.com/icons/svg/2659/2659707.svg	76FAB09F486348A2C73A628C518528E6281ACBEB.svg
temp/DashBoardBusiness[23]/img	https://image.flaticon.com/icons/svg/2250/2250369.svg	7EFAC52392779F193A79468536109B230053A18B.svg
temp/DashBoardBusiness[24]/img	https://image.flaticon.com/icons/svg/356/356634.svg	858ABC4365808A463384E86FB51104FCCE794E68.svg
temp/DashBoardBusiness[25]/img	https://image.flaticon.com/icons/svg/2674/2674486.svg	64D4864ECB28DF760647789B9677FCE63C426320.svg
temp/DashBoardBusiness[26]/img	https://image.flaticon.com/icons/svg/2673/2673311.svg	FAB6D242EBEE0EAE77F9F45CEF8A694513E78A0D.svg
temp/DashBoardBusiness[27]/img	https://image.flaticon.com/icons/svg/1142/1142131.svg	067EC0B858BE8A9F9663F27F4D84D52CD25E9EA5.svg
temp/DashBoardBusiness[28]/img	https://image.flaticon.com/icons/svg/2503/2503488.svg	BEAF268BD28CC2A6A37133ABA799B88993C6C828.svg
temp/DashBoardBusiness[29]/img	https://image.flaticon.com/icons/svg/896/896493.svg	FCB720C6F42EB568345810D3C173BBB52F8F5628.svg
temp/DashBoardBusiness[30]/img	https://image.flaticon.com/icons/svg/2421/2421799.svg	F4FB381E668FED8F66D4FDFB8FE656D592A737B1.svg
temp/DashBoardBusiness[31]/img	https://image.flaticon.com/icons/svg/706/706195.svg	86FCFE049FC60E03D22092EC17466E1C5FD24AE9.svg
temp/DashBoardBusiness[32]/img	https://image.flaticon.com/icons/svg/360/360158.svg	3C1C7CB30596ACBDFCD2B09ACDF67B59906E29BE.svg
temp/DashBoardBusiness[33]/img	https://image.flaticon.com/icons/svg/2527/2527365.svg	1A93AE7FED16B38806B0BF3C503C3B8C4A95F7DC.svg
temp/DashBoardBusiness[34]/img	https://image.flaticon.com/icons/svg/502/502128.svg	F75C59690913D2879347DCB528E96BCD313387CF.svg
temp/DashBoardBusiness[35]/img	https://image.flaticon.com/icons/svg/705/705618.svg	464496863F0399611EABA766B909EF134CF98C38.svg
temp/DashBoardBusiness[36]/img	https://image.flaticon.com/icons/svg/568/568017.svg	25FD1F2BF593C3F8F927B3C12682FA99357A8270.svg
temp/DashBoardBusiness[37]/img	https://image.flaticon.com/icons/svg/2589/2589586.svg	616BF66F34B2E15B4ED8FAE957986A64BDA2834B.svg
temp/DashBoardBusiness[38]/img	https://image.flaticon.com/icons/svg/2234/2234957.svg	978565E23A79BDCF36C79A973C96356BBA2FFE23.svg
temp/DashBoardBusiness[39]/img	https://image.flaticon.com/icons/svg/2584/2584699.svg	AA416DC8F0FA77271AF6560AD1F98DB7041F5530.svg
temp/DashBoardBusiness[40]/img	https://image.flaticon.com/icons/svg/1699/1699383.svg	63A7D1199BBB4F900217B5D7ACAFB7899AF772A2.svg
temp/DashBoardBusiness[41]/img	https://image.flaticon.com/icons/svg/1913/1913288.svg	6F7969DFAA910248A35BD315E770B47B886CB98A.svg
temp/DashBoardBusiness[42]/img	https://image.flaticon.com/icons/svg/1681/1681883.svg	8551EEFD3417FB5B5B814116661E633221DF5BC0.svg
temp/DashBoardBusiness[43]/img	https://image.flaticon.com/icons/svg/2154/2154732.svg	209983C9035FDBE7680FC4C78C38D8B1E3069CB8.svg
temp/DashBoardBusiness[44]/img	https://image.flaticon.com/icons/svg/561/561216.svg	0F9DF95033A51E9E9FEC8E65C49A599A8B1AEB31.svg
temp/DashBoardBusiness[45]/img	https://image.flaticon.com/icons/svg/1808/1808622.svg	03B8BC1CF0ED2F3C211523229C05B38EBBB08FFA.svg
temp/DashBoardBusiness[46]/img	https://image.flaticon.com/icons/svg/411/411712.svg	85AB1D6F96205CE380D3FC5083F92D7ABA3FC9AF.svg
temp/DashBoardBusiness[47]/img	https://image.flaticon.com/icons/svg/2676/2676320.svg	FC9FE50DF70E3763C2928BBF188E14FCAD8B32D7.svg
temp/DashBoardBusiness[48]/img	https://image.flaticon.com/icons/svg/532/532035.svg	6953FCE54CFBE4419194905D36E55D23C4CDD4CA.svg
temp/DashBoardBusiness[49]/img	https://image.flaticon.com/icons/svg/744/744502.svg	1E42F95ED0766F985895405A3A13F847FCA34866.svg
temp/DashBoardBusiness[50]/img	https://image.flaticon.com/icons/svg/1850/1850645.svg	B0029A0A8D84F3AD0DA5D9B7D945193B9565205B.svg
temp/DashBoardSlide[1]	https://firebasestorage.googleapis.com/v0/b/lfyd-android.appspot.com/o/DashBoardSlide%2Fdashboard1Artboard%201.jpg?alt=media&token=af380298-f265-40d5-baf4-03a51dc3698d	D342C93CC1AF4C8F9351ECFFFAF84A0B6614270B.png
temp/DashBoardSlide[2]	https://firebasestorage.googleapis.com/v0/b/lfyd-android.appspot.com/o/DashBoardSlide%2FdashboardArtboard%201.jpg?alt=media&token=ed0f2af5-a7dd-417c-bc47-b34d4d2c9f0d	27C118D6DCE63523040F9427D0EE49C677AB3BB3.png
temp/DashBoardSlide[3]	https://firebasestorage.googleapis.com/v0/b/lfyd-android.appspot.com/o/DashBoardSlide%2Fdashboard2Artboard%201.jpg?alt=media&token=f6831478-e3c4-48e3-88d7-2e650e7633f4	8F616F7CB53801DFDA23D5A01E1AF553B1F933F9.png
